
-- 기존 데이터 삭제
SET FOREIGN_KEY_CHECKS = 0;  -- 외래키 체크 비활성화

TRUNCATE TABLE `member`;
TRUNCATE TABLE `member_role_list`;
TRUNCATE TABLE `category`;
TRUNCATE TABLE `product`;
TRUNCATE TABLE `product_image_list`;
TRUNCATE TABLE `tag`;
TRUNCATE TABLE `product_tag`;


SET FOREIGN_KEY_CHECKS = 1;  -- 외래키 체크 다시 활성화


-- 데이터 입력
-- member
INSERT INTO `member` (`del_flag`, `birthday`, `created_at`, `modified_at`, `email`, `name`, `password`, `phone`) VALUES (b'0', NULL, '2025-01-24 15:41:18', '2025-01-24 15:41:18', 'adult@test.com', 'adult', '$2a$10$RUM2T7DB8j/N3KEnPWb4Auoci6LSZrzTSEpA0vQ1IdTHhCByw.wMe', '010-1234-5678');
INSERT INTO `member` (`del_flag`, `birthday`, `created_at`, `modified_at`, `email`, `name`, `password`, `phone`) VALUES (b'0', 20111111, '2025-01-25 15:30:52', '2025-01-25 15:30:52', 'jammin@test.com', 'jammin', '$2a$10$3Hf0hXWcaMih2RZVcGdSeegzavyPmkWoCJxeI6RbnI6BDK3YpPrpy', '010-9919-1919');

-- member_role_list
INSERT INTO `member_role_list` (`role`, `email`) VALUES (1, 'adult@test.com');
INSERT INTO `member_role_list` (`role`, `email`) VALUES (0, 'jammin@test.com');



-- category
INSERT INTO `category` (`created_at`, `id`, `modified_at`, `name`) VALUES ('2025-01-24 15:41:18', 1, '2025-01-24 15:41:18', '액션');
INSERT INTO `category` (`created_at`, `id`, `modified_at`, `name`) VALUES ('2025-01-24 15:41:18', 2, '2025-01-24 15:41:18', '미스테리');
INSERT INTO `category` (`created_at`, `id`, `modified_at`, `name`) VALUES ('2025-01-24 15:41:18', 3, '2025-01-24 15:41:18', '판타지');
INSERT INTO `category` (`created_at`, `id`, `modified_at`, `name`) VALUES ('2025-01-24 15:41:18', 4, '2025-01-24 15:41:18', '로맨스');
INSERT INTO `category` (`created_at`, `id`, `modified_at`, `name`) VALUES ('2025-01-24 15:41:18', 5, '2025-01-24 15:41:18', '성인');



-- product
INSERT INTO `product` (`del_flag`, `price`, `release_date`, `stock_number`, `total_episode`, `category_id`, `created_at`, `id`, `modified_at`, `manufacturer`, `name`, `story`, `adult`, `md_pick`) VALUES (b'0', 3300, '2021-11-11', 1, 16, 1, '2025-01-24 15:41:48', 1, '2025-01-24 15:41:48', 'Motion Magic', 'Shanhe Jian Xin', '캐릭터 디자인으로 키시다 타카히로를 고용했고[4] 야마노스스메 시리즈의 이마오카 노리유키가 총작화감독을 맡았고, ARIA의 아라카와 마사츠구, 에바타 료마, 요시다 토오루 등 실력파 스태프가 참여했고 WEB계 애니메이터도 몇 명 참여해 퀄리티가 상당히 좋은 편이다. 다만 한국에서는 WEB계 애니메이터 작화가 크게 좋은 소리를 못 듣는지라 한국에서는 작화로 많이 까였다.', 'N', 'Y');
INSERT INTO `product` (`del_flag`, `price`, `release_date`, `stock_number`, `total_episode`, `category_id`, `created_at`, `id`, `modified_at`, `manufacturer`, `name`, `story`, `adult`, `md_pick`) VALUES (b'0', 3300, '2021-11-11', 1, 4, 1, '2025-01-24 15:41:48', 2, '2025-01-24 15:41:48', 'OLM', '메가톤급 무사시', '평범한 고등학생 스도 카나메는 어느 날 친구로부터 다윈즈 게임이라는 앱 초대를 받는다. 그 게임은 각 플레이어에게 제각각 주어진 초능력[1]으로 서로 싸우는 것을 강요하는 능력자들의 배틀 게임이었다. 카나메는 쇠사슬을 사용하는 미소녀 카리노 슈카를 비롯해 여러 동료들을 만들고 클랜 \'선셋 레이븐즈\'를 신설한다. 사람을 죽고 죽이는 게임인 다윈즈 게임에 증오를 느낀 카나메는 동료들과 함께 시길을 사용하여 다윈즈 게임을 파괴하기 위한 여정을 시작한다.', 'N', 'N');
INSERT INTO `product` (`del_flag`, `price`, `release_date`, `stock_number`, `total_episode`, `category_id`, `created_at`, `id`, `modified_at`, `manufacturer`, `name`, `story`, `adult`, `md_pick`) VALUES (b'0', 3300, '2020-11-11', 1, 12, 1, '2025-01-24 15:41:49', 3, '2025-01-24 15:41:49', 'Colored Pencil Animation', 'Quanzhi Gaoshou 2', '새롭게 동료로 합류한 나나치와 함께 여행을 떠나게 된 리코와 레그는 심계 4층 중심부에 위치한 토코시에코우 집중 군락지에서 여명경 본도르드의 부하이자 추종자인 엄브라핸즈 소속의 개리케와 만나게 된다. 6층에 서식하는 위험생물인 쿠온가타리가 그곳에 둥지를 틀고 깽판을 치고 있어서 이를 박멸하기 위해 찾아왔다고 언급한 개리케는 본도르드의 목적이 뭐냐는 레그의 질문에 "그 분께서 너희들을 만나길 기대하고 계신다."라고 답한다.', 'N', 'Y');
INSERT INTO `product` (`del_flag`, `price`, `release_date`, `stock_number`, `total_episode`, `category_id`, `created_at`, `id`, `modified_at`, `manufacturer`, `name`, `story`, `adult`, `md_pick`) VALUES (b'0', 3300, '2020-11-11', 1, 22, 1, '2025-01-24 15:41:49', 4, '2025-01-24 15:41:49', 'Toei Animation', '드래곤 퀘스트 다이의 대모험 (20201111)', '자칭 일본 제일의 천재 사기꾼 \'에다무라 마코토\'! 그 날도 동료와 둘이서 함께 아사쿠사에 관광 목적으로 방문한 프랑스인을 상대로 사기를 쳐서 한건 하려 했지만 오히려 역으로 사기를 당해 거액의 돈을 빼앗기고 만다. 그 남자의 정체는 마피아마저 가지고 노는 컨피던스 맨인 \'로랑 티에리\'! 그렇게 에다무라 마코토는 전 세계를 상대로 자행한 엄청난 사기극에 휘말리게 되는데…', 'N', 'Y');
INSERT INTO `product` (`del_flag`, `price`, `release_date`, `stock_number`, `total_episode`, `category_id`, `created_at`, `id`, `modified_at`, `manufacturer`, `name`, `story`, `adult`, `md_pick`) VALUES (b'0', 3300, '2020-11-11', 1, 44, 1, '2025-01-24 15:41:49', 5, '2025-01-24 15:41:49', 'Pierrot', '아쿠다마 드라이브 BD', '자신의 모든 것이었던 소녀를 쫓아 탑에 들어온 소년\n그리고 그런 소년을 시험하는 탑', 'N', 'Y');
INSERT INTO `product` (`del_flag`, `price`, `release_date`, `stock_number`, `total_episode`, `category_id`, `created_at`, `id`, `modified_at`, `manufacturer`, `name`, `story`, `adult`, `md_pick`) VALUES (b'0', 3300, '2022-11-11', 1, 12, 1, '2025-01-24 15:41:50', 6, '2025-01-24 15:41:50', 'Geno Studio', '붓치기레! Bucchigire! BD', '몽환적인 밤하늘 아래, 펼쳐진 초원 속의 폐허를 숨가쁘게 돌아다니며 어머니를 찾는 어린 시절의 스즈메를 보여 주면서 영화가 시작된다.[1] 한참을 어머니를 찾다 지친 어린 스즈메는 자리에 주저 앉고, 그런 스즈메 앞에 한 여성이 이름을 부르며 다가오자 그 순간 스즈메는 잠에서 깬다.', 'N', 'N');
INSERT INTO `product` (`del_flag`, `price`, `release_date`, `stock_number`, `total_episode`, `category_id`, `created_at`, `id`, `modified_at`, `manufacturer`, `name`, `story`, `adult`, `md_pick`) VALUES (b'0', 3300, '2022-11-11', 1, 35, 1, '2025-01-24 15:41:50', 7, '2025-01-24 15:41:50', 'TNK', '부덕의 길드 BD', '학교에서도, 집에서도 있을 곳이 없어 방에 틀어박혀 지내던 코코로. 어느 날, 방 안에 있던 거울이 빛나기 시작했다.\n거울 속으로 들어가자 그곳은 성이었고, 코코로와 사정이 비슷한 6명의 아이들이 있었다. 영문도 모르고 끌려온 그들 앞에, 늑대가면을 쓴 기묘한 여자아이가 나타나는데…', 'N', 'Y');
INSERT INTO `product` (`del_flag`, `price`, `release_date`, `stock_number`, `total_episode`, `category_id`, `created_at`, `id`, `modified_at`, `manufacturer`, `name`, `story`, `adult`, `md_pick`) VALUES (b'0', 3300, '2022-11-11', 1, 13, 1, '2025-01-24 15:41:50', 8, '2025-01-24 15:41:50', 'Brains Base', '골든 카무이 4기', '할로윈 시즌으로 떠들썩한 도쿄 시부야 히카리에서 뜀박질을 하는 누군가. 그리고 시부야 히카리에 근처의 결혼식장. 사토 미와코가 마츠모토 키요나가와 함께 결혼식장에 입장하고 타카기 와타루가 그녀를 기다리고 있다.', 'N', 'Y');
INSERT INTO `product` (`del_flag`, `price`, `release_date`, `stock_number`, `total_episode`, `category_id`, `created_at`, `id`, `modified_at`, `manufacturer`, `name`, `story`, `adult`, `md_pick`) VALUES (b'0', 3300, '2023-11-11', 1, 24, 1, '2025-01-24 15:41:51', 9, '2025-01-24 15:41:51', '8bit', 'SHY', '어릴 적 친구인 우시오가 죽었다.----\n그 소식을 듣고, 고향인 와카야마시 · 히토가시마에 돌아온 신페이.\n가족과의 재회.\n문제없이 진행된 장례식.\n하지만, 섬에는 어떤 이변이...?', 'N', 'Y');
INSERT INTO `product` (`del_flag`, `price`, `release_date`, `stock_number`, `total_episode`, `category_id`, `created_at`, `id`, `modified_at`, `manufacturer`, `name`, `story`, `adult`, `md_pick`) VALUES (b'0', 3300, '2023-11-11', 1, 78, 1, '2025-01-24 15:41:51', 10, '2025-01-24 15:41:51', 'OLM', '포켓몬스터 (20231111)', '루팡의 타깃은,\n영국 정부를 배후에서 조종하는 수수께끼의 조직 [레이븐]이 숨긴 보물ㅡ\n그 단서가 되는 한 장의 그림', 'N', 'Y');
INSERT INTO `product` (`del_flag`, `price`, `release_date`, `stock_number`, `total_episode`, `category_id`, `created_at`, `id`, `modified_at`, `manufacturer`, `name`, `story`, `adult`, `md_pick`) VALUES (b'0', 3300, '2023-11-11', 1, 24, 1, '2025-01-24 15:41:51', 11, '2025-01-24 15:41:51', 'A-1 Pictures', '니어:오토마타 Ver1.1a BD NieR:Automata Ver1.1a', '어느 고등학교의 한 교실, 특별할 것 없이 평화롭고 지루한 언제나의 수업중 갑자기 교실이 폭발한다.', 'N', 'Y');
INSERT INTO `product` (`del_flag`, `price`, `release_date`, `stock_number`, `total_episode`, `category_id`, `created_at`, `id`, `modified_at`, `manufacturer`, `name`, `story`, `adult`, `md_pick`) VALUES (b'0', 3300, '2023-11-11', 1, 24, 1, '2025-01-24 15:41:51', 12, '2025-01-24 15:41:51', 'SILVER LINK.', '마왕학원의 부적합자 ~사상 최강의 마왕인 시조, 전생해서 자손들의 학교에 다니다~ 2기 BD', '도입부는 15년 전 보스턴. 손이 묶인 채 도망치는 남자와 길거리 악사가 부는 하모니카 소리. 가까스로 지하철역으로 도망친 남자가 마침 떠나려는 지하철에 올라 타려는 순간 울려 퍼지는 총성과 총성에 도망치는 사람들과 모자를 쓴 한 남자의 얼굴.', 'N', 'Y');
INSERT INTO `product` (`del_flag`, `price`, `release_date`, `stock_number`, `total_episode`, `category_id`, `created_at`, `id`, `modified_at`, `manufacturer`, `name`, `story`, `adult`, `md_pick`) VALUES (b'0', 3300, '2024-11-11', 1, 16, 1, '2025-01-24 15:41:52', 13, '2025-01-24 15:41:52', 'asread.', '흔해빠진 직업으로 세계최강 3기', '어느 숲속. 두 명의 사내가 눈을 떴다.\n초능력을 가지고 있는 탓에 사회에서 소외되어 15년간 초능력 연구소에 격리되어 자라온 형제, 키리하라 나오토와\n키리하라 나오야. 그들이 마주한 바깥세상은 정신 에너지의 존재는 완전히 부정되고, 초능력은 물론 초상 현상을 다룬\n서적이나 영상 등의 제작물마저 단속당하는 2041년의 도쿄였다.', 'N', 'Y');
INSERT INTO `product` (`del_flag`, `price`, `release_date`, `stock_number`, `total_episode`, `category_id`, `created_at`, `id`, `modified_at`, `manufacturer`, `name`, `story`, `adult`, `md_pick`) VALUES (b'0', 3300, '2024-11-11', 1, 49, 1, '2025-01-24 15:41:52', 14, '2025-01-24 15:41:52', 'Toei Animation', '원더풀 프리큐어!', '예전에 탐정 학원 BLUE에서 풀리지 않는 수수께끼는 없을 천재라 불리며 스스로도 유례 드문 재능을 평생 탐정에게 바치겠다고 선언한 남자 카모노하시 론. 그러나 론은 탐정으로서 치명적인 결함을 안고 있다!!', 'N', 'Y');
INSERT INTO `product` (`del_flag`, `price`, `release_date`, `stock_number`, `total_episode`, `category_id`, `created_at`, `id`, `modified_at`, `manufacturer`, `name`, `story`, `adult`, `md_pick`) VALUES (b'0', 3300, '2024-11-11', 1, 23, 1, '2025-01-24 15:41:52', 15, '2025-01-24 15:41:52', 'LIDENFILMS', '바람의 검심 -메이지 검객 낭만기- 교토 동란 2기', '내가 사용해주마. 내가 이끌어주마. 혈족의 멸망으로 가는 길이다.\n날개, 비늘, 조아, 포효, 눈, 뼈.\n여섯 혈족의 그 모든 것을 멸망시키고,\n신을, 죽여라.', 'N', 'Y');
INSERT INTO `product` (`del_flag`, `price`, `release_date`, `stock_number`, `total_episode`, `category_id`, `created_at`, `id`, `modified_at`, `manufacturer`, `name`, `story`, `adult`, `md_pick`) VALUES (b'0', 3300, '2025-11-11', 1, 57, 1, '2025-01-24 15:41:52', 16, '2025-01-24 15:41:52', 'Encourage Films', '이세계 치트 마술사 BD', '1990년 고베 시 키타 구.\n미국 교외를 모델로 조성된 뉴타운 오리건 마을.\n유복한 주민들이 사는\n이 동네에 ‘한’ 소년이 나타난다.', 'N', 'Y');
INSERT INTO `product` (`del_flag`, `price`, `release_date`, `stock_number`, `total_episode`, `category_id`, `created_at`, `id`, `modified_at`, `manufacturer`, `name`, `story`, `adult`, `md_pick`) VALUES (b'0', 3300, '2025-11-11', 1, 25, 1, '2025-01-24 15:41:52', 17, '2025-01-24 15:41:52', 'Kinema Citrus', '방패 용사 성공담 BD', '하늘을 나는 새를 향해 군복을 입은 한 소년이 초점이 없는 눈으로 팔을 뻗으며…', 'N', 'Y');
INSERT INTO `product` (`del_flag`, `price`, `release_date`, `stock_number`, `total_episode`, `category_id`, `created_at`, `id`, `modified_at`, `manufacturer`, `name`, `story`, `adult`, `md_pick`) VALUES (b'0', 3300, '2025-11-11', 1, 34, 1, '2025-01-24 15:41:53', 18, '2025-01-24 15:41:53', 'Production I.G', '은하영웅전설 die neue these 2기 BD', '산업혁명 이후 괴물들을 일제히 없애버리는 사회운동인 \'괴물일소(怪物一掃)\'가 벌어진 유럽에 발을 딛은 괴물 전문 탐정 3인조의 괴기 사건록을 다뤘다.', 'N', 'Y');
INSERT INTO `product` (`del_flag`, `price`, `release_date`, `stock_number`, `total_episode`, `category_id`, `created_at`, `id`, `modified_at`, `manufacturer`, `name`, `story`, `adult`, `md_pick`) VALUES (b'0', 3300, '2022-11-11', 1, 27, 1, '2025-01-24 15:41:53', 19, '2025-01-24 15:41:53', 'Asread', '미래일기', '매일 자신의 일과를 휴대 전화의 일기로 저장하던 소심한 소년 아마노 유키테루는 자신의 공상 속에 존재하는 \'시간과 공간의 신\'인 데우스 엑스 마키나에게 \'미래를 읽는 일기\'를 건네받게 된다.\n\n일기를 가지고 여러 가지 일을 벌이던 중, 일기에는 갑작스레 자신이 죽게 된다는 DEAD END가 뜨게 되는데... 그 순간, 유키테루는 성적우수에 외모도 뛰어난 클래스메이트인 가사이 유노와 맞닥뜨리게 된다. 결국 데스 게임을 펼치게 되는데...', 'N', 'Y');
INSERT INTO `product` (`del_flag`, `price`, `release_date`, `stock_number`, `total_episode`, `category_id`, `created_at`, `id`, `modified_at`, `manufacturer`, `name`, `story`, `adult`, `md_pick`) VALUES (b'0', 3300, '2020-11-11', 1, 23, 2, '2025-01-24 15:41:53', 20, '2025-01-24 15:41:53', 'Pine Jam', '글레이프니르 BD', '왕자의 귀환\' 이후 연재된 신의 탑의 두번째 주요 에피소드.', 'N', 'Y');
INSERT INTO `product` (`del_flag`, `price`, `release_date`, `stock_number`, `total_episode`, `category_id`, `created_at`, `id`, `modified_at`, `manufacturer`, `name`, `story`, `adult`, `md_pick`) VALUES (b'0', 3300, '2020-11-11', 1, 56, 2, '2025-01-24 15:41:53', 21, '2025-01-24 15:41:53', 'Nexus', '다윈즈 게임 BD', '텐이카이 종합병원, 통괄진단부.\n다른 의사가 \'진료 불가\'로 판단한 환자들이 이곳에 모인다.\n심지어 경찰조차 감당할 수 없는 원인 불명의 \'살인\'이나 \'수수께끼\'도…', 'N', 'Y');
INSERT INTO `product` (`del_flag`, `price`, `release_date`, `stock_number`, `total_episode`, `category_id`, `created_at`, `id`, `modified_at`, `manufacturer`, `name`, `story`, `adult`, `md_pick`) VALUES (b'0', 3300, '2020-11-11', 1, 34, 2, '2025-01-24 15:41:54', 22, '2025-01-24 15:41:54', 'Kinema Citrus', '메이드 인 어비스: 깊은 영혼의 여명 BD - 극장판3', '수수께끼가 가득한 빅홀 어비스. 그 안에는 온갖 기묘하고 기괴한 생물들이 살고 있으며, 현 인류로서는 만들어낼 수 없는 귀중한 유물들이 잠들어 있다. 많은 사람들이 어비스에 매료되어 어비스에 모험을 떠난다. 이들을 탐굴가라고 부른다. 어머니처럼 위대한 탐굴가가 되고 싶어하는 벨 체로 보육원의 소녀 리코는 어비스의 수수께끼를 풀고자 깊숙히 들어가길 원한다.', 'N', 'Y');
INSERT INTO `product` (`del_flag`, `price`, `release_date`, `stock_number`, `total_episode`, `category_id`, `created_at`, `id`, `modified_at`, `manufacturer`, `name`, `story`, `adult`, `md_pick`) VALUES (b'0', 3300, '2020-11-11', 1, 22, 2, '2025-01-24 15:41:54', 23, '2025-01-24 15:41:54', 'Wit Studio', '그레이트 프리텐더 BD', '자칭 일본 제일의 천재 사기꾼 \'에다무라 마코토\'! 그 날도 동료와 둘이서 함께 아사쿠사에 관광 목적으로 방문한 프랑스인을 상대로 사기를 쳐서 한건 하려 했지만 오히려 역으로 사기를 당해 거액의 돈을 빼앗기고 만다. 그 남자의 정체는 마피아마저 가지고 노는 컨피던스 맨인 \'로랑 티에리\'! 그렇게 에다무라 마코토는 전 세계를 상대로 자행한 엄청난 사기극에 휘말리게 되는데…', 'N', 'Y');
INSERT INTO `product` (`del_flag`, `price`, `release_date`, `stock_number`, `total_episode`, `category_id`, `created_at`, `id`, `modified_at`, `manufacturer`, `name`, `story`, `adult`, `md_pick`) VALUES (b'0', 3300, '2020-11-11', 1, 23, 2, '2025-01-24 15:41:54', 24, '2025-01-24 15:41:54', 'Telecom Animation Film', 'Tower of God 신의 탑', '자신의 모든 것이었던 소녀를 쫓아 탑에 들어온 소년\n그리고 그런 소년을 시험하는 탑', 'N', 'N');
INSERT INTO `product` (`del_flag`, `price`, `release_date`, `stock_number`, `total_episode`, `category_id`, `created_at`, `id`, `modified_at`, `manufacturer`, `name`, `story`, `adult`, `md_pick`) VALUES (b'0', 3300, '2022-11-11', 1, 56, 2, '2025-01-24 15:41:54', 25, '2025-01-24 15:41:54', 'CoMix Wave', '스즈메의 문단속 BD', '몽환적인 밤하늘 아래, 펼쳐진 초원 속의 폐허를 숨가쁘게 돌아다니며 어머니를 찾는 어린 시절의 스즈메를 보여 주면서 영화가 시작된다.[1] 한참을 어머니를 찾다 지친 어린 스즈메는 자리에 주저 앉고, 그런 스즈메 앞에 한 여성이 이름을 부르며 다가오자 그 순간 스즈메는 잠에서 깬다.', 'N', 'N');
INSERT INTO `product` (`del_flag`, `price`, `release_date`, `stock_number`, `total_episode`, `category_id`, `created_at`, `id`, `modified_at`, `manufacturer`, `name`, `story`, `adult`, `md_pick`) VALUES (b'0', 3300, '2022-11-11', 1, 36, 2, '2025-01-24 15:41:54', 26, '2025-01-24 15:41:54', 'A-1 Pictures', '거울 속 외딴 성', '학교에서도, 집에서도 있을 곳이 없어 방에 틀어박혀 지내던 코코로. 어느 날, 방 안에 있던 거울이 빛나기 시작했다.\n거울 속으로 들어가자 그곳은 성이었고, 코코로와 사정이 비슷한 6명의 아이들이 있었다. 영문도 모르고 끌려온 그들 앞에, 늑대가면을 쓴 기묘한 여자아이가 나타나는데…', 'N', 'N');
INSERT INTO `product` (`del_flag`, `price`, `release_date`, `stock_number`, `total_episode`, `category_id`, `created_at`, `id`, `modified_at`, `manufacturer`, `name`, `story`, `adult`, `md_pick`) VALUES (b'0', 3300, '2022-11-11', 1, 33, 2, '2025-01-24 15:41:55', 27, '2025-01-24 15:41:55', 'TMS Entertainment', '명탐정코난 : 할로윈의 신부 - 극장판25', '할로윈 시즌으로 떠들썩한 도쿄 시부야 히카리에서 뜀박질을 하는 누군가. 그리고 시부야 히카리에 근처의 결혼식장. 사토 미와코가 마츠모토 키요나가와 함께 결혼식장에 입장하고 타카기 와타루가 그녀를 기다리고 있다.', 'N', 'N');
INSERT INTO `product` (`del_flag`, `price`, `release_date`, `stock_number`, `total_episode`, `category_id`, `created_at`, `id`, `modified_at`, `manufacturer`, `name`, `story`, `adult`, `md_pick`) VALUES (b'0', 3300, '2022-11-11', 1, 25, 2, '2025-01-24 15:41:55', 28, '2025-01-24 15:41:55', 'OLM', '서머타임 렌더 BD', '어릴 적 친구인 우시오가 죽었다.----\n그 소식을 듣고, 고향인 와카야마시 · 히토가시마에 돌아온 신페이.\n가족과의 재회.\n문제없이 진행된 장례식.\n하지만, 섬에는 어떤 이변이...?', 'N', 'N');
INSERT INTO `product` (`del_flag`, `price`, `release_date`, `stock_number`, `total_episode`, `category_id`, `created_at`, `id`, `modified_at`, `manufacturer`, `name`, `story`, `adult`, `md_pick`) VALUES (b'0', 3300, '2021-11-11', 1, 24, 2, '2025-01-24 15:41:55', 29, '2025-01-24 15:41:55', 'TMS Entertainment', '루팡 3세 PART 6', '루팡의 타깃은,\n영국 정부를 배후에서 조종하는 수수께끼의 조직 [레이븐]이 숨긴 보물ㅡ\n그 단서가 되는 한 장의 그림', 'N', 'N');
INSERT INTO `product` (`del_flag`, `price`, `release_date`, `stock_number`, `total_episode`, `category_id`, `created_at`, `id`, `modified_at`, `manufacturer`, `name`, `story`, `adult`, `md_pick`) VALUES (b'0', 3300, '2021-11-11', 1, 14, 2, '2025-01-24 15:41:55', 30, '2025-01-24 15:41:55', 'Millepensee', '거미입니다만, 문제라도? BD', '어느 고등학교의 한 교실, 특별할 것 없이 평화롭고 지루한 언제나의 수업중 갑자기 교실이 폭발한다.', 'N', 'Y');
INSERT INTO `product` (`del_flag`, `price`, `release_date`, `stock_number`, `total_episode`, `category_id`, `created_at`, `id`, `modified_at`, `manufacturer`, `name`, `story`, `adult`, `md_pick`) VALUES (b'0', 3300, '2021-11-11', 1, 23, 2, '2025-01-24 15:41:55', 31, '2025-01-24 15:41:55', 'TMS Entertainment', '명탐정코난 : 비색의 탄환 - 극장판24', '도입부는 15년 전 보스턴. 손이 묶인 채 도망치는 남자와 길거리 악사가 부는 하모니카 소리. 가까스로 지하철역으로 도망친 남자가 마침 떠나려는 지하철에 올라 타려는 순간 울려 퍼지는 총성과 총성에 도망치는 사람들과 모자를 쓴 한 남자의 얼굴.', 'N', 'Y');
INSERT INTO `product` (`del_flag`, `price`, `release_date`, `stock_number`, `total_episode`, `category_id`, `created_at`, `id`, `modified_at`, `manufacturer`, `name`, `story`, `adult`, `md_pick`) VALUES (b'0', 3300, '2021-11-11', 1, 12, 2, '2025-01-24 15:41:56', 32, '2025-01-24 15:41:56', 'Shirogumi', '나이트 헤드 2041', '어느 숲속. 두 명의 사내가 눈을 떴다.\n초능력을 가지고 있는 탓에 사회에서 소외되어 15년간 초능력 연구소에 격리되어 자라온 형제, 키리하라 나오토와\n키리하라 나오야. 그들이 마주한 바깥세상은 정신 에너지의 존재는 완전히 부정되고, 초능력은 물론 초상 현상을 다룬\n서적이나 영상 등의 제작물마저 단속당하는 2041년의 도쿄였다.', 'N', 'Y');
INSERT INTO `product` (`del_flag`, `price`, `release_date`, `stock_number`, `total_episode`, `category_id`, `created_at`, `id`, `modified_at`, `manufacturer`, `name`, `story`, `adult`, `md_pick`) VALUES (b'0', 3300, '2023-11-11', 1, 26, 2, '2025-01-24 15:41:56', 33, '2025-01-24 15:41:56', 'Diomedea', '카모노하시 론의 금단추리', '예전에 탐정 학원 BLUE에서 풀리지 않는 수수께끼는 없을 천재라 불리며 스스로도 유례 드문 재능을 평생 탐정에게 바치겠다고 선언한 남자 카모노하시 론. 그러나 론은 탐정으로서 치명적인 결함을 안고 있다!!', 'N', 'N');
INSERT INTO `product` (`del_flag`, `price`, `release_date`, `stock_number`, `total_episode`, `category_id`, `created_at`, `id`, `modified_at`, `manufacturer`, `name`, `story`, `adult`, `md_pick`) VALUES (b'0', 3300, '2023-11-11', 1, 24, 2, '2025-01-24 15:41:56', 34, '2025-01-24 15:41:56', 'Silver Link.', '라그나 크림슨', '내가 사용해주마. 내가 이끌어주마. 혈족의 멸망으로 가는 길이다.\n날개, 비늘, 조아, 포효, 눈, 뼈.\n여섯 혈족의 그 모든 것을 멸망시키고,\n신을, 죽여라.', 'N', 'Y');
INSERT INTO `product` (`del_flag`, `price`, `release_date`, `stock_number`, `total_episode`, `category_id`, `created_at`, `id`, `modified_at`, `manufacturer`, `name`, `story`, `adult`, `md_pick`) VALUES (b'0', 3300, '2023-11-11', 1, 13, 2, '2025-01-24 15:41:56', 35, '2025-01-24 15:41:56', 'CompTown', '미기와 다리', '1990년 고베 시 키타 구.\n미국 교외를 모델로 조성된 뉴타운 오리건 마을.\n유복한 주민들이 사는\n이 동네에 ‘한’ 소년이 나타난다.', 'N', 'Y');
INSERT INTO `product` (`del_flag`, `price`, `release_date`, `stock_number`, `total_episode`, `category_id`, `created_at`, `id`, `modified_at`, `manufacturer`, `name`, `story`, `adult`, `md_pick`) VALUES (b'0', 3300, '2023-11-11', 1, 30, 2, '2025-01-24 15:41:56', 36, '2025-01-24 15:41:56', 'MAPPA', '진격의 거인 더 파이널 시즌 (진격의 거인 4기) BD', '하늘을 나는 새를 향해 군복을 입은 한 소년이 초점이 없는 눈으로 팔을 뻗으며…', 'N', 'Y');
INSERT INTO `product` (`del_flag`, `price`, `release_date`, `stock_number`, `total_episode`, `category_id`, `created_at`, `id`, `modified_at`, `manufacturer`, `name`, `story`, `adult`, `md_pick`) VALUES (b'0', 3300, '2023-11-11', 1, 13, 2, '2025-01-24 15:41:57', 37, '2025-01-24 15:41:57', 'Lapin Track', '언데드 걸 머더 파르스 BD', '산업혁명 이후 괴물들을 일제히 없애버리는 사회운동인 \'괴물일소(怪物一掃)\'가 벌어진 유럽에 발을 딛은 괴물 전문 탐정 3인조의 괴기 사건록을 다뤘다.', 'N', 'Y');
INSERT INTO `product` (`del_flag`, `price`, `release_date`, `stock_number`, `total_episode`, `category_id`, `created_at`, `id`, `modified_at`, `manufacturer`, `name`, `story`, `adult`, `md_pick`) VALUES (b'0', 3300, '2022-11-11', 1, 12, 2, '2025-01-24 15:41:57', 38, '2025-01-24 15:41:57', 'Kinema Citrus', '메이드 인 어비스 2기 BD', '수수께끼가 가득한 빅홀 어비스. 그 안에는 온갖 기묘하고 기괴한 생물들이 살고 있으며, 현 인류로서는 만들어낼 수 없는 귀중한 유물들이 잠들어 있다. 많은 사람들이 어비스에 매료되어 어비스에 모험을 떠난다. 이들을 탐굴가라고 부른다. 어머니처럼 위대한 탐굴가가 되고 싶어하는 벨 체로 보육원의 소녀 리코는 어비스의 수수께끼를 풀고자 깊숙히 들어가길 원한다.', 'N', 'Y');
INSERT INTO `product` (`del_flag`, `price`, `release_date`, `stock_number`, `total_episode`, `category_id`, `created_at`, `id`, `modified_at`, `manufacturer`, `name`, `story`, `adult`, `md_pick`) VALUES (b'0', 3300, '2024-11-11', 1, 26, 2, '2025-01-24 15:41:57', 39, '2025-01-24 15:41:57', 'The Answer Studio', '신의 탑 2기 Kami no Tou: Ouji no Kikan', '왕자의 귀환\' 이후 연재된 신의 탑의 두번째 주요 에피소드.', 'N', 'Y');
INSERT INTO `product` (`del_flag`, `price`, `release_date`, `stock_number`, `total_episode`, `category_id`, `created_at`, `id`, `modified_at`, `manufacturer`, `name`, `story`, `adult`, `md_pick`) VALUES (b'0', 3300, '2025-11-11', 1, 4, 2, '2025-01-24 15:41:57', 40, '2025-01-24 15:41:57', 'Project No.9', '아메쿠 타카오의 추리 카르테', '텐이카이 종합병원, 통괄진단부.\n다른 의사가 \'진료 불가\'로 판단한 환자들이 이곳에 모인다.\n심지어 경찰조차 감당할 수 없는 원인 불명의 \'살인\'이나 \'수수께끼\'도…', 'N', 'Y');
INSERT INTO `product` (`del_flag`, `price`, `release_date`, `stock_number`, `total_episode`, `category_id`, `created_at`, `id`, `modified_at`, `manufacturer`, `name`, `story`, `adult`, `md_pick`) VALUES (b'0', 3300, '2025-11-11', 1, 24, 2, '2025-01-24 15:41:57', 41, '2025-01-24 15:41:57', 'OLM', '약사의 혼잣말 2기', '황제의 총비・옥엽비가 임신한 것으로 밝혀지면서,\n마오마오가 비취궁의 독견 역으로 복귀.\n비, 그리고 황제의 아들을 노리는 사건이 다시는 일어나지 않도록 경계하면서,\n하루하루를 보내고 있었다.', 'N', 'Y');
INSERT INTO `product` (`del_flag`, `price`, `release_date`, `stock_number`, `total_episode`, `category_id`, `created_at`, `id`, `modified_at`, `manufacturer`, `name`, `story`, `adult`, `md_pick`) VALUES (b'0', 3300, '2025-11-11', 1, 3, 3, '2025-01-24 15:41:58', 42, '2025-01-24 15:41:58', 'Studio Deen', '매직·메이커 ~이세계 마법을 만드는 법~', '30세가 되면서 마법을 쓰고 싶었던 남자[1]는 갑자기 죽어버리고, 눈을 뜨면 이세계에 전생하고 있었다. 시온이란 이름이 붙여진 그는, 이세계라면 마법도 있을 것이라는 기대에 가슴을 부풀어 있었지만, 그 세계에는 마법이 존재하지 않았다.\n\n우울해지고 무기력해지는 시온이었지만, 어느 일을 계기로 마력의 존재를 발견한다.「그렇다. 마법이 없는 것이라면 자력으로 만들면 된다」\n\n그렇게 생각한 시온은, 그 날부터 마법의 연구를 시작한다. 이윽고 마법으로만 고칠 수 있는 질병의 만연, 마법으로만 쓰러트릴 수 있는 적과의 해후를 거쳐, 시온은 세계를 구하는 영웅이 되어 간다.\n\n이것은 단순한 마법 바보가 운명에 농락당하면서도, 마법의 힘과 불굴의 투지로 극복해, 결국 사람들에게 마법을 포교해 가는, 그런 이야기이다.', 'N', 'Y');
INSERT INTO `product` (`del_flag`, `price`, `release_date`, `stock_number`, `total_episode`, `category_id`, `created_at`, `id`, `modified_at`, `manufacturer`, `name`, `story`, `adult`, `md_pick`) VALUES (b'0', 3300, '2025-11-11', 1, 3, 3, '2025-01-24 15:41:58', 43, '2025-01-24 15:41:58', 'ENGI', '언네임드 메모리 2기', '오스카에게 걸린 저주를 없애는데 성공하고,\n400년 전부터 계속되는 마법사 라나크와의 인연도 매듭지은 티나샤.\n\n"불리지 않는 마녀 레오노라"와의 싸움도 오스카와 함께 이겨내고,\n마침내 맺어진 두 사람은 파르사스 사람들의 축복을 받으며 결혼식을 치른다.\n\n그러나 평온이 찾아온 것도 잠시,\n시간을 뛰어넘는 마법구가 발동하면서 오스카는 400년 전 세계로 시간이동 당한다.\n그곳에서 일어나는 비극을 내버려 두지 못하고 티나샤를 구하는 오스카지만,\n과거가 변함으로써, 지금까지의 역사는 소멸되고 만다.\n남겨진 티나샤는 새로운 미래에서의 오스카와의 재회를 바라며, 긴 잠에 든다.\n\n두 사람은 다시 만날 수 있는 것인가……?\n고쳐 쓰여진 〈운명〉의 이야기는 Act.2로 계속 된다――.', 'N', 'Y');
INSERT INTO `product` (`del_flag`, `price`, `release_date`, `stock_number`, `total_episode`, `category_id`, `created_at`, `id`, `modified_at`, `manufacturer`, `name`, `story`, `adult`, `md_pick`) VALUES (b'0', 3300, '2025-11-11', 1, 3, 3, '2025-01-24 15:41:58', 44, '2025-01-24 15:41:58', 'Kinema Citrus', '나의 행복한 결혼 2기', '「이능」의 명가로 태어나면서도\n그 재능없어, 가족으로부터 학대받고 자란 소녀・미요는,\n지금까지 수많은 약혼자들이 도망쳐\n"냉혹한 군인" 으로 소문나는 쿠도가 당주・키요카에게 시집간다.\n\n시작은, 누구나 불행한 결말이 날 것이라고 예상한 정략결혼이었다.\n\n하지만, 키요카는 미요의 거짓없는 순수함에 마음을 열고,\n미요도 또한, 그런 키요카의 속 깊은 곳에 있는 상냥함에 마음이 따뜻해져 간다.\n\n「서방님에게 힘이 되고 싶다」――.\n\n그렇게 바라게 된 미요는,\n돌아가신 어머니의 깊은 사랑 아래 봉인되어 있었던\n「몽견의 힘」을 개화시켜, 마침내 키요카를 위기에서 구한다.\n\n두사람은 서로의 존재로 인해 행복함을 알고,\n오래도록 같이 살 것을 맹세하는 것이었다.\n\n그러나, 내년 봄에도 결혼식을 예정하고,\n평온한 나날을 보내는 두 사람에게 뜻밖의 일이 찾아온다.\n\n키요카의 아버지・타다키요에게 초대되어, 은거처인 저택으로 향한다\n두 사람을 기다리고 있던 것은, 키요카의 어머니・후유의 강한 매도.\n미요는 「쿠도가의 며느리」로서 인정받기 위해 노력한다.\n거기에 따라다니는 수상한 시선의 이유도 모르고…….\n\n같은 시간에, 저택 부근에서 연달아 일어난\n「이형」의 목격정보를 조사하던 키요카는\n국가 전복을 계획하는 「이능심교」와 교전하고…….\n\n「액운과 재앙이 온다」――.\n\n수도의 평화를 뒤흔드는, 새로운 사건의 막이 열린다.\n두 사람은, 축복받은 미래에 도달할 수 있을까?', 'N', 'Y');
INSERT INTO `product` (`del_flag`, `price`, `release_date`, `stock_number`, `total_episode`, `category_id`, `created_at`, `id`, `modified_at`, `manufacturer`, `name`, `story`, `adult`, `md_pick`) VALUES (b'0', 3300, '2025-11-11', 1, 3, 3, '2025-01-24 15:41:59', 45, '2025-01-24 15:41:59', 'MAPPA', '전수 Zenshuu.', '전수 ← 전부 수정하다\nﾠﾠﾠﾠﾠ올 리테이크라는 의미.\n\n히로세 나츠코는, 고등학교 졸업 후 애니메이터가 되어 재능을 꽃피우고\n순식간에 감독 데뷔를 한다. 첫 감독 작품은 사회 현상을 일으키며 대히트.\n신진기예의 천재 감독이라는 세간의 평가를 받으며,\n차기작은 첫사랑을 주제로 한 극장용 러브 코미디 작품으로 결정!\n\n하지만, 사람을 좋아해본적이 없는 나츠코는 첫사랑에 대해 잘 알지못해,\n콘티를 그릴 수 없게 되어 영화 제작이 막힌다.\n그러던 어느 날, 콘티 작업 중에 의식을 잃어버리고, 정신을 차리니 그곳은,\n어릴 적에 푹 빠졌던 애니메이션 영화 『멸망하는 이야기』의 세계였다.', 'N', 'Y');
INSERT INTO `product` (`del_flag`, `price`, `release_date`, `stock_number`, `total_episode`, `category_id`, `created_at`, `id`, `modified_at`, `manufacturer`, `name`, `story`, `adult`, `md_pick`) VALUES (b'0', 3300, '2024-11-11', 1, 12, 3, '2025-01-24 15:41:59', 46, '2025-01-24 15:41:59', 'Toei Animation', '원피스 어인섬편', '밀짚모자 일당은 해저를 뚫고 어인섬에 도착하여 휴식을 취한다. 그런데 어인섬의 점술가 셜리가 루피가 어인섬을 멸망시키는 미래를 보는 바람에 쫓기게 된다. 이 과정에서 루피는 반더 덱켄 9세의 스토킹 때문에 경각탑에 숨어 사는 어인섬의 공주 시라호시를 만나 바다의 숲으로 도망치고, 용궁성에 있던 조로, 나미, 우솝, 브룩은 성을 점거해버린다.\n\n한편 아론의 유지를 이어 신 어인 해적단을 결성한 호디 존스는 덱켄과 손잡고 용궁왕국을 붕괴시키기 위해 용궁성을 습격한다. 신 어인 해적단에 의해 용궁의 왕 넵튠을 비롯한 왕국의 대신들과 왕자들, 조로,우솝, 브룩이 사로잡히고, 어인섬도 장악된다. 탈출한 나미와 케이미를 비롯한 나머지 밀짚모자 해적단은 바다의 숲에서 징베를 만나 인질들을 구하기 위한 작전을 세운다. 인어와 어인들의 인간에 대한 반감을 자극할 것을 걱정한 그들은 시라호시를 일부러 붙잡히게 한 다음, 그녀가 위기에 처했을 때 루피가 극적으로 등장하는 작전을 실행한다. 작전은 성공하고 신 어인 해적단은 밀짚모자 해적단과 징베의 손에 전부 쓰러진다. 이 과정에서 덱켄이 시라호시를 죽이기 위해 보낸 방주 노아가 어인섬을 멸망시킬 뻔하지만, 시라호시 공주의 능력으로 해왕류를 조종하여 막아낸다.', 'N', 'Y');
INSERT INTO `product` (`del_flag`, `price`, `release_date`, `stock_number`, `total_episode`, `category_id`, `created_at`, `id`, `modified_at`, `manufacturer`, `name`, `story`, `adult`, `md_pick`) VALUES (b'0', 3300, '2025-11-11', 1, 12, 3, '2025-01-24 15:42:00', 47, '2025-01-24 15:42:00', 'Satelight', 'Übel Blatt ~위벨 블라트~', '세계는 20년 전 마족 비슈테히에 의해 위기에 처한다. 이에 이들을 봉인하기 위해 14명의 용사들이 여정을 떠나는데, 14명 중 3명은 도중에 죽고, 4명은 적 비슈테히의 편에 선다. 그러나 남은 7명이 4명의 배신자와 비슈테히들을 물리치고 이들을 봉인하여 세계는 평화로워지게 되는데, 남은 7명은 제국의 제후로서 7창의 영웅으로 숭배받으며 평화를 누리고 있었다.\n\n그러나 처단당해 죽은 줄 알았던 4명, 통칭 배신의 창은 사실 죽지 않고 살아있었다. 긴 시간 끝에 돌아온 이 4명은 하나하나가 터무니없이 강대한 힘을 휘두르며, 제국에 반기를 들고 자신들을 죽인 7창의 영웅에게 복수의 칼날을 겨눈다. 그리고 자신들의 세력권을 넓히면서 극악한 폭정을 서슴지 않는다.\n\n이 때 수수께끼의 아인종 소년 케인첼이 모습을 드러낸다. 아름다운 백발적안의 그 소년은 기묘한 검술을 구사하며, 제국을 위협하며 백성들을 괴롭히는 배신의 창들을 하나하나 제거하고자 한다.\n\n지금까지의 영웅과는 다른, 새로운 영웅이 등장하기 시작한 순간이었다.', 'N', 'N');
INSERT INTO `product` (`del_flag`, `price`, `release_date`, `stock_number`, `total_episode`, `category_id`, `created_at`, `id`, `modified_at`, `manufacturer`, `name`, `story`, `adult`, `md_pick`) VALUES (b'0', 3300, '2025-11-11', 1, 2, 3, '2025-01-24 15:42:00', 48, '2025-01-24 15:42:00', 'Ajia-do', '악역 영애 전생 아저씨', '52세의 성실한 공무원 톤다바야시 겐자부로는 교통사고를 당했다.\n\n정신을 차려보니 그곳은 학원 무대의 여성향 게임 같은 세계... 게다가 교내에서 가장 고자비한 오베른 후작가의 아가씨 그레이스로 환생해버려!?\n\n차맨 20201111 코믹부문 4위 기대 신작!', 'N', 'Y');
INSERT INTO `product` (`del_flag`, `price`, `release_date`, `stock_number`, `total_episode`, `category_id`, `created_at`, `id`, `modified_at`, `manufacturer`, `name`, `story`, `adult`, `md_pick`) VALUES (b'0', 3300, '2020-11-11', 1, 20, 3, '2025-01-24 15:42:00', 49, '2025-01-24 15:42:00', 'GEEK TOYS', '플런더러 BD', '일찍이 ‘폐기전쟁’이라 불렸던 대전을 압도적인 힘으로 평화롭게 마무리한 자들이 있었다. 사람들의 기억에서 잊혀져가고 있는 그 영웅의 이름은 격추왕.\n\n하지만 굳은 의지를 품고 길을 떠나는 어린 소녀가 그 이름을 입에 올린 순간, 몸에 새겨진 숫자가 인간의 가치를 결정하는 이 세계를 뒤흔드는 새로운 이야기가 시작됐다!', 'N', 'Y');
INSERT INTO `product` (`del_flag`, `price`, `release_date`, `stock_number`, `total_episode`, `category_id`, `created_at`, `id`, `modified_at`, `manufacturer`, `name`, `story`, `adult`, `md_pick`) VALUES (b'0', 3300, '2020-11-11', 1, 23, 3, '2025-01-24 15:42:00', 50, '2025-01-24 15:42:00', 'HORNETS', '소말리와 숲의 신 BD', '지상은 인외이형이종족(人外異形異種族)들이 지배하는 세계.\n박해받는 인간은 전멸 위기에 처해 있다.\n\n그런 어느 날 숲지기 ‘골렘’과 한 인간 소녀가 만난다.\n\n멸종해가는 종족 ‘인간’과 숲지기 ‘골렘’ 부녀의 애정을 기록한 여행기.', 'N', 'Y');
INSERT INTO `product` (`del_flag`, `price`, `release_date`, `stock_number`, `total_episode`, `category_id`, `created_at`, `id`, `modified_at`, `manufacturer`, `name`, `story`, `adult`, `md_pick`) VALUES (b'0', 3300, '2021-11-11', 1, 16, 3, '2025-01-24 15:42:01', 52, '2025-01-24 15:42:01', 'Motion Magic', 'Shanhe Jian Xin', '베이무 일족의 수장에게 패배한 후, 쉬안두 산의 수석 제자 센차오는 절벽에서 떨어져 부상으로 거의 죽을 뻔했습니다. 불행히도, 교활함과 기술로 유명한 무자비한 클렌징 문파의 수장 얀 우시는 그를 우연히 만나 사악한 계획을 세웁니다. 자비로운 제자를 언젠가는 합당한 라이벌이 될 수 있는 복수심에 가득 찬 수행자로 만드는 것입니다.\n\n센차오는 배신과 속임수의 세계로 머리를 먼저 던지고, 모든 사람에게 선이 존재한다는 그의 강한 믿음과는 대조된다. 그를 지혜의 끝까지 몰아넣는 더 많은 고난에 직면하면서, 센차오는 자신에게 보여진 잔혹한 현실에도 불구하고 자신의 친절한 본성을 계속 고수할 것인지, 아니면 악의에 찬 얀 우시의 사기적인 계략에 굴복할 것인지 결정해야 한다.', 'N', 'Y');
INSERT INTO `product` (`del_flag`, `price`, `release_date`, `stock_number`, `total_episode`, `category_id`, `created_at`, `id`, `modified_at`, `manufacturer`, `name`, `story`, `adult`, `md_pick`) VALUES (b'0', 3300, '2021-11-11', 1, 33, 3, '2025-01-24 15:42:01', 53, '2025-01-24 15:42:01', 'domerica', '세븐나이츠 레볼루션 -영웅의 계승자-', '이루어라. 그대가 바라는 것을.\'\n\n한때 세계를 구했던 영웅들이 있었다. 수많은 영웅들은 \'파괴\'의 힘에 맞서 싸웠고, 이 세계를 지켜내었다.\n그리고 시간이 흘렀다.\n\n영웅들은 역사의 저편으로 떠나갔고, 그들의 힘을 몸에 깃들게 해 싸우는 \'계승자\'라 불리는 소년 소녀들에게\n세계의 운명은 맡겨졌다. \'계승자\'들의 정점에 선 \'세븐나이츠\' 중 한 명인 파리아라는 소녀는 몰려드는 \n파괴의 군세와 싸우던 가운데 네모라는 소년을 구하게 되었다. \n\n격전이 한창인 가운데, 네모는 자신도 모르는 가운데 영웅의 힘을 환기하고 \'계승자\'로서 그 힘을\n발휘한다. 하지만, 그의 영웅은 누구도 알지 못하고 누구도 말하지 않는 자였다. \n\n그리고 이때부터 시작되었다. \n과거와 현재가 교차하는 영혼의 여행길은.', 'N', 'Y');
INSERT INTO `product` (`del_flag`, `price`, `release_date`, `stock_number`, `total_episode`, `category_id`, `created_at`, `id`, `modified_at`, `manufacturer`, `name`, `story`, `adult`, `md_pick`) VALUES (b'0', 3300, '2021-11-11', 1, 12, 3, '2025-01-24 15:42:01', 54, '2025-01-24 15:42:01', 'Childrens Playground Entertainment', '진화의 열매 ~모르는 사이 성공한 인생~ BD', '어느 날, 히이라기 세이이치가 다니는 고등학교가 학교째 이세계로 이동했다.\n돼지 & 못난이인 세이이치는 반에서 따돌림을 받아 혼자 숲을 헤맨다.\n클레버 몽키가 가지고 있던 『진화의 열매』를 먹어 허기를 달래지만\n스테이터스 중 《운》이 제로인 세이이치는 카이저콩 사리아의 습격을 받는다.\n그러나...... “나, 처음. 그러니, 부드럽게 부탁해?”\n어째선지 사리아에게 구혼 받았다아아?!\n\n『소설가가 되자』 연재작, 대인기 애니멀 판타지!', 'N', 'Y');
INSERT INTO `product` (`del_flag`, `price`, `release_date`, `stock_number`, `total_episode`, `category_id`, `created_at`, `id`, `modified_at`, `manufacturer`, `name`, `story`, `adult`, `md_pick`) VALUES (b'0', 3300, '2021-11-11', 1, 12, 3, '2025-01-24 15:42:02', 55, '2025-01-24 15:42:02', 'Madhouse', 'takt op.Destiny BD', '음악은 사람의 마음을 비추는 빛\n갑자기 세계는 그 \'빛\'을 빼앗기게 된다.\n하늘에서 검은 운석인 『흑야운철』이 떨어진 날 밤, 세계는 변모했다.\n검은 운석에서 생겨난 이형의 괴물 『D2』가 대지에서 사람들을 유린하기 시작했다.\nD2는 인간이 연주하는 선율에 끌려 나타났고 이윽고 『음악』 자체가 금기가 됐다.\n\n하지만, 그 괴물에게 저항하는 자들이 나타난다.\n\n음악의 힘으로 싸우는 소녀들 『무지카트』.\n그녀들은 인류사에 남을 위대한 가극, 악곡의 악보를 몸에 깃들이고 D2를 격파하는 힘으로 사용했다.\n\n그리고 그녀들을 지휘하고 이끄는 『컨덕터』.\n\n2047년 D2와의 항쟁에 의해 황폐화된 미국.\n컨덕터 『타쿠토』는 무지카트 『운명』과 함께 뉴욕을 향해서 여행을 하고 있었다.\n음악을 잃어버린 세계에서 음악을 갈망하는 \'타쿠토\'\nD2의 섬멸을 바라는 무지카트 \'운명\'.\n\n소년과 소녀가 만들어내는 선율은 환희인가 절망인가.', 'N', 'Y');
INSERT INTO `product` (`del_flag`, `price`, `release_date`, `stock_number`, `total_episode`, `category_id`, `created_at`, `id`, `modified_at`, `manufacturer`, `name`, `story`, `adult`, `md_pick`) VALUES (b'0', 3300, '2021-11-11', 1, 34, 3, '2025-01-24 15:42:02', 56, '2025-01-24 15:42:02', 'Wit Studio', '임금님 랭킹 BD', '나라의 풍요로움, 안고 있는 강자들의 수,\n그리고 임금님 자신이 얼마나 용자처럼 강한지,\n그것들을 종합적으로 랭킹한 것, 그것이 바로 임금님 랭킹이다.\n\n주인공 봇지는 임금님 랭킹 7위인 봇스왕이 통치하는 왕국의\n첫째 왕자로 태어났다.\n\n그런데 봇지는 태어날 때부터 귀가 들리지 않고,\n제대로 검조차 흔들 수 없을 정도로 무력하고\n가신은 물론 백성들로부터도 도저히 임금님의 그릇이 아니라는 멸시를 받았다.\n\n그런 봇지에게 생긴 첫 친구, 카게.\n\n카게와의 만남, 그리고 작은 용기로 인해\n봇지의 인생은 크게 움직이기 시작한다.', 'N', 'Y');
INSERT INTO `product` (`del_flag`, `price`, `release_date`, `stock_number`, `total_episode`, `category_id`, `created_at`, `id`, `modified_at`, `manufacturer`, `name`, `story`, `adult`, `md_pick`) VALUES (b'0', 3300, '2022-11-11', 1, 12, 3, '2025-01-24 15:42:02', 57, '2025-01-24 15:42:02', 'Kung Fu Frog Animation', '잠깐! 공략법부터 찾자 Zanting! Rang Wo Cha Gonglue', 'INTRODUCTION\n\n20221111년 \'중국 우수 인터넷 시청 작품\' 수상!\n같은 해에 bilibili에서 배포한 오리지널 신작 애니메이션 작품 중에 당당히 2위!\n\n총시청수 8,000만 회를 돌파한 이번 가을,\n가장 귀여운 이세계 판타지 코미디가 이곳에 있다!\n\n회사의 노예로 살고 있던 서른 살 여성 이노는\n어느 날 불의의 사고를 당해서 게임 세계로 소환된다.\n\n마왕이 평화를 위협하고 있는 이세계에서 자신처럼 소환된 은둔형 외톨이 백수이자\n미소녀 용사인 ‘엔야’와 함께 현실 세계로 돌아갈 방법을 찾으면서 이세계도 구하는 대모험이 시작된다!', 'N', 'Y');
INSERT INTO `product` (`del_flag`, `price`, `release_date`, `stock_number`, `total_episode`, `category_id`, `created_at`, `id`, `modified_at`, `manufacturer`, `name`, `story`, `adult`, `md_pick`) VALUES (b'0', 3300, '2022-11-11', 1, 12, 3, '2025-01-24 15:42:02', 58, '2025-01-24 15:42:02', 'A-1 Pictures', '소드 아트 온라인 극장판 프로그레시브 짙은 어둠의 스케르초 BD', '소드 아트 온라인이 데스 게임으로 변하면서 유저들이 게임 세계에 갇힌다. 이후 아인크라드 제1층을 공략한 아스나는 키리토와 최상층을 목표로 여행하던 중, 아인크라드 공략을 선도하는 2대 길드의 대립이 발생한다.', 'N', 'Y');
INSERT INTO `product` (`del_flag`, `price`, `release_date`, `stock_number`, `total_episode`, `category_id`, `created_at`, `id`, `modified_at`, `manufacturer`, `name`, `story`, `adult`, `md_pick`) VALUES (b'0', 3300, '2022-11-11', 1, 11, 3, '2025-01-24 15:42:02', 59, '2025-01-24 15:42:02', 'Shaft', 'RWBY 빙설제국 BD', '과학과 마법이 공존하는 세계 \'렘넌트\'에는\n인류와 수인, 동물, 그리고 \'그림\'이라고 불리는 몬스터가 존재한다.\n\n\'그림\'에게 생존을 위협받아온 인류였지만,\n\'헌터\'의 활약으로 평화로운 세계는 지켜졌다.\n\n헌터를 양성하는 \'비콘 아카데미\'에서 만난\n와이스, 블레이크, 언니인 양과 함께 \'팀 RWBY\'를 결성한 루비.\n\n각자의 마음을 가슴에 품고 헌터가 되기 위해\n훈련에 열중하던 그녀들을 지금껏 없었던 새로운 위협이 덮치는데.', 'N', 'Y');
INSERT INTO `product` (`del_flag`, `price`, `release_date`, `stock_number`, `total_episode`, `category_id`, `created_at`, `id`, `modified_at`, `manufacturer`, `name`, `story`, `adult`, `md_pick`) VALUES (b'0', 3300, '2022-11-11', 1, 22, 3, '2025-01-24 15:42:03', 60, '2025-01-24 15:42:03', 'Alfred Imageworks', '일곱 개의 대죄: 원망의 에든버러 파트', '마신족과의 싸움으로부터 14년. 평온을 되찾은 리오네스 왕국의 왕자 트리스탄은 <분노의 죄(드래곤 신)>으로서 “일곱 개의 대죄”의 단장을 맡았던 아버지 멜리오다스의 마신족의 힘과 어머니 엘리자베스의 여신족의 힘, 막대한 두 힘을 제어하지 못하고 괴로워하고 있었다.\n\n그러던 중 과거 왕국 성기사 집단 <창천의 육연성>에 적을 두었으나, 왕국을 버린 데스피어스의 마수가 엘리자베스에게 뻗친다. 저주에 침식된 어머니를 구하기 위해 트리스탄은 왕국을 뛰쳐나가 데스피어스가 거처하는 성이 있는 에든버러로 향한다.\n\n그리고 새롭게 만난 요정족에 의해 트리스탄 자신의 운명도 크게 움직이기 시작한다. “일곱 개의 대죄”도 말려드는 신세대의 이야기가 지금 시작한다.', 'N', 'Y');
INSERT INTO `product` (`del_flag`, `price`, `release_date`, `stock_number`, `total_episode`, `category_id`, `created_at`, `id`, `modified_at`, `manufacturer`, `name`, `story`, `adult`, `md_pick`) VALUES (b'0', 3300, '2022-11-11', 1, 34, 3, '2025-01-24 15:42:03', 61, '2025-01-24 15:42:03', 'Seven', '피터 그릴과 현자의 시간 2기 BD', '한밤중의 그는 지성이 없지만, 아침짹 타임에는 지상 최강의 현자가 된다\n\n(예비)장인어른에게 연인 관계를 인정받고 싶다는 일념으로 현란무투제 우승을 거머쥐고 영광의 자리에 우뚝 선 피터 그릴. 하지만 무투제 우승자, 즉 세계 최강의 남자라는 칭호는 그리 단순한 것이 아니었으니, 국가들 사이의 대리전이나 다름없는 무투회에서 우승한 남자의 씨는 그 무엇보다도 가치있는 전리품이었다.\n\n피터의 유전자를 노리는 수많은 여자들, 딸을 뺏기기 싫어 피터를 파멸시키려는 길드장. 약혼자가 있음에도 불구하고 연달아 피터와 약혼자를 배신하는 그의 하반신.\n\n과연 그의 운명은 어떻게 흘러가는 것일까?', 'N', 'Y');
INSERT INTO `product` (`del_flag`, `price`, `release_date`, `stock_number`, `total_episode`, `category_id`, `created_at`, `id`, `modified_at`, `manufacturer`, `name`, `story`, `adult`, `md_pick`) VALUES (b'0', 3300, '2022-11-11', 1, 32, 4, '2025-01-24 15:42:03', 62, '2025-01-24 15:42:03', 'CLAP', '여름행 터널, 이별의 출구 BD', '소원을 이루어 주지만 안과 밖의 시간이 다르게 흐르는 우라시마 터널을 발견한 고등학생 카오루와 안즈. 터널의 비밀을 알아내기 위해 함께 여름을 보낸 두 사람은 어느새 서로에게 가장 소중한 존재가 된다.', 'Y', 'Y');
INSERT INTO `product` (`del_flag`, `price`, `release_date`, `stock_number`, `total_episode`, `category_id`, `created_at`, `id`, `modified_at`, `manufacturer`, `name`, `story`, `adult`, `md_pick`) VALUES (b'0', 3300, '2022-11-11', 1, 27, 4, '2025-01-24 15:42:03', 63, '2025-01-24 15:42:03', 'Passione', '연애 플롭스 BD', '거리로 나서서 주위를 바라보면\n한 명 정도는 눈에 들어올 듯한 평범한 남고생 카시와기 아사히.\n\n변함없는 일상에 아무런 의문도 품지 않은 채 집을 나서 학교로 가던 도중,\n아사히에게 갖가지 재난이 닥쳐왔다.\n\n그리고 이는 집을 나서기 전 전혀 신경 안 쓰고 있던,\nTV 운세 코너의 기묘한 점괘대로였는데.\n\n차례로 벌어지는 트러블 속에서 5명의 소녀들과 최악이라고 할 수 있는 만남을 이룬 아사히.\n몸도 마음도 너덜너덜해진 채 드디어 도착한 학교에서 그의 눈에 들어온 것은,\n전학생 및 신임 교사로 온 5명의 소녀들이었다.', 'Y', 'N');
INSERT INTO `product` (`del_flag`, `price`, `release_date`, `stock_number`, `total_episode`, `category_id`, `created_at`, `id`, `modified_at`, `manufacturer`, `name`, `story`, `adult`, `md_pick`) VALUES (b'0', 3300, '2022-11-11', 1, 12, 4, '2025-01-24 15:42:03', 64, '2025-01-24 15:42:03', 'studio MOTHER', '부부이상, 연인미만. BD', '자신을 현실성이 부족하다고 자인하고 있는 고교생 야쿠인 지로는, 통학하는 청순학원의 전통으로서 행해지는 수업 「부부실습」에서, 자신과 정반대의 입장에 있는 와타나베 아카리와 짝이 된다.\n\n아카리와 같은 갸루가 서툴러, 첫사랑 상대인 사쿠라자카 시오리와 함께 되는 희망을 이루지 못해 낙담하는 지로였지만, 시오리의 페어로 의중의 상대인 텐진 미나미와 짜고 싶은 아카리로부터의 제안으로, 성적 상위자에게 주어지는 페어교환의 권리를 얻을 수 있도록, 의사 부부로서의 생활에 임한다.', 'Y', 'N');
INSERT INTO `product` (`del_flag`, `price`, `release_date`, `stock_number`, `total_episode`, `category_id`, `created_at`, `id`, `modified_at`, `manufacturer`, `name`, `story`, `adult`, `md_pick`) VALUES (b'0', 3300, '2022-11-11', 1, 10, 4, '2025-01-24 15:42:04', 65, '2025-01-24 15:42:04', 'ENGI', '우자키 양은 놀고 싶어! W (2기) BD', '짜증나지만 너무나 귀여운 후배\n우자키한테서 눈을 뗄 수 없다♥\n혼자 있는 것을 좋아하는 사쿠라이 신이치는 대학 3학년생으로 20세. 같은 학교 2학년 여학생이며 고등학교 때부터 알고 지내던 후배 우자키 하나가 매번 짜증나고 귀찮게 해서 힘이 든다.\n선배라고 꼬박꼬박 불러주지만 외톨이와 악당 취급으로 매번 염장을 지르는 우자키와의 티격태격으로 편한 날이 없다. 그래도 은색의 커트 머리에 큰 가슴을 가지고, 묘하게 민감 체질인 우자키를 보면 약간 이상한(?) 감정을 느끼기도 한다.', 'N', 'Y');
INSERT INTO `product` (`del_flag`, `price`, `release_date`, `stock_number`, `total_episode`, `category_id`, `created_at`, `id`, `modified_at`, `manufacturer`, `name`, `story`, `adult`, `md_pick`) VALUES (b'0', 3300, '2022-11-11', 1, 22, 4, '2025-01-24 15:42:04', 66, '2025-01-24 15:42:04', 'A-1 Pictures', '카구야 님은 고백받고 싶어 -첫 키스는 끝나지 않아- 극장판 BD', '엘리트들만 모인 슈치인 학원 학생회에서 만난 회장 시로가네 미유키와 부회장 시노미야 카구야…. 서로 좋아하는 두 천재가 상대를 반하게 하고 고백을 끌어내기 위해 일상의 모든 순간에서 권모술수를 꾸미는 신감각 러브코미디!!\n제5권에서는 평소의 연애두뇌전과 함께… 잡지 연재 시에 파란과 감동을 불러일으킨 남녀의 \'여름방학 편\'을 완전 수록!! 카구야 님과 사로가네, 한여름의 추억을 그 눈으로 확인하라!!', 'N', 'Y');
INSERT INTO `product` (`del_flag`, `price`, `release_date`, `stock_number`, `total_episode`, `category_id`, `created_at`, `id`, `modified_at`, `manufacturer`, `name`, `story`, `adult`, `md_pick`) VALUES (b'0', 3300, '2021-11-11', 1, 12, 4, '2025-01-24 15:42:04', 67, '2025-01-24 15:42:04', 'Childrens Playground Entertainment', '진화의 열매 ~모르는 사이 성공한 인생~ BD', '어느 날, 히이라기 세이이치가 다니는 고등학교가 학교째 이세계로 이동했다. 돼지&못난이인 세이이치는 반에서 따돌림을 받아 혼자 숲을 헤맨다. 클레버 몽키가 가지고 있던 『진화의 열매』를 먹어 허기를 달래지만 스테이터스 중 《운》이 제로인 세이이치는 카이저콩 사리아의 습격을 받는다. 그러나……. “나, 처음. 그러니, 부드럽게 부탁해?” 어째선지 사리아에게 구혼 받았다아아?!', 'N', 'Y');
INSERT INTO `product` (`del_flag`, `price`, `release_date`, `stock_number`, `total_episode`, `category_id`, `created_at`, `id`, `modified_at`, `manufacturer`, `name`, `story`, `adult`, `md_pick`) VALUES (b'0', 3300, '2021-11-11', 1, 23, 4, '2025-01-24 15:42:04', 68, '2025-01-24 15:42:04', 'TMS Entertainment', '정령환상기 BD', '슬럼가에서 사는 고아 소년 리오. 그는 어느날 갑자기 전생의 기억을 떠올리게 되고, 그와 동시에 자신이 강대한 마력을 가지고 있음을 깨닫게 된다. 리오는 그 힘을 이용해 유괴된 왕녀를 구하게 되고, 그 덕분에 귀족 아이들이 모인 명문학원에 특별 입학하게 되는데?! 귀족들의 차별과 멸시를 견뎌내고 어머니를 죽인 루시우스를 죽여라! 전생의 기억을 되찾은 소년의 새로운 인생이 지금 시작된다!!', 'Y', 'Y');
INSERT INTO `product` (`del_flag`, `price`, `release_date`, `stock_number`, `total_episode`, `category_id`, `created_at`, `id`, `modified_at`, `manufacturer`, `name`, `story`, `adult`, `md_pick`) VALUES (b'0', 3300, '2021-11-11', 1, 1, 4, '2025-01-24 15:42:05', 69, '2025-01-24 15:42:05', 'A-1 Pictures', '극장판 소드 아트 온라인 -프로그레시브-: 별 없는 밤의 아리아', '"아스나 미안해, 약속……못 지키겠어."\n\n그날. 네펜트 무리를 앞두고 친한 친구를 버리고 도망친 죄는 미토/토자와 미스미의 마음을 깊이 괴롭히고 있었다.\n구제, 또는 벌을 바라며 방황하는 그녀는 제1층의 맨 끝에서 《레이젤 마을(レーゼルの村)》에 이르게 된다. 거기서 기다리고 있던 것은, 두 플레이어와의 만남이었다.\n한 사람은 애슐리라고 이름을 밝힌 소탈한 외모의 여성 플레이어. 그리고 또 한 사람은, 마음에 스며드는 노랫소리를 울리는 유나라는 이름의 소녀.\n\n그녀들과의 해후는 상처받은 미토의 영혼에 무엇을 가져다 줄 것인가──.\n이것은 아스나와의 이별과, 플로어 보스 공략전 사이의 미싱 링크를 메우는 또 하나의 『별 없는 밤의 아리아』의 이야기.', 'Y', 'Y');
INSERT INTO `product` (`del_flag`, `price`, `release_date`, `stock_number`, `total_episode`, `category_id`, `created_at`, `id`, `modified_at`, `manufacturer`, `name`, `story`, `adult`, `md_pick`) VALUES (b'0', 3300, '2021-11-11', 1, 1, 4, '2025-01-24 15:42:05', 70, '2025-01-24 15:42:05', 'Satelight', '극장판 마크로스 Δ 절대LIVE!!!!!! BD - 극장판2', '극장판 "마크로스"는 원래의 TV 시리즈인 "초시공요새 마크로스"를 재편집하고 추가 장면을 포함한 애니메이션 영화입니다. 줄거리는 다음과 같습니다:\n\n미래의 지구: 이 이야기는 미래의 지구를 배경으로 합니다. 외계 종족 젠트라디와 인간 사이의 전쟁이 중심 주제입니다.\n\n주인공과 사랑 이야기: 주인공 이치죠 히카루는 젠트라디와의 전투 중에 가수 린 민메이와 사랑에 빠지게 됩니다. 그들의 사랑 이야기는 전쟁 속에서도 큰 역할을 합니다.\n\n음악의 힘: 린 민메이의 노래가 전쟁의 중요한 요소로 등장합니다. 음악이 젠트라디에게 감정적인 영향을 미쳐 전투의 흐름을 바꿀 수 있다는 설정입니다.\n\n마크로스 함선: 주된 배경인 거대 전투 함선 마크로스는 인간과 젠트라디의 전쟁 중 중요한 역할을 합니다. 함선 내부의 생활과 전투 장면이 많이 묘사됩니다.\n\n극장판 "마크로스: 사랑, 기억하고 있나요?"는 이런 주요 줄거리를 바탕으로, 액션과 드라마, 사랑 이야기가 어우러진 애니메이션 영화입니다. 😊', 'Y', 'N');
INSERT INTO `product` (`del_flag`, `price`, `release_date`, `stock_number`, `total_episode`, `category_id`, `created_at`, `id`, `modified_at`, `manufacturer`, `name`, `story`, `adult`, `md_pick`) VALUES (b'0', 3300, '2021-11-11', 1, 1, 4, '2025-01-24 15:42:06', 71, '2025-01-24 15:42:06', 'CloverWorks', '극장판 안기고 싶은 남자 1위에게 협박당하고 있습니다. ~스페인편~', '당신은, 오렌지의 한 조각. \n\n플라멩코 요소를 넣은 2인극 \'피의 혼례\'에 같이 출연하게 된 아즈마야와 타카토. 곧바로 타카토는 공연 연습에 들어갔지만, 플라멩코를 연습하던 중 아즈마야와의 재능의 차이를 실감하고 말았다. 이에 타카토는 \'정열\'에 대해 배우기 위해 아즈마야의 고향인 스페인으로 향했다. 한편, 아즈마야는 과거에 타카토에게 일방적으로 이별을 통보받은 적이 있는 게 마음에 걸린 상황이었는데.', 'Y', 'N');
INSERT INTO `product` (`del_flag`, `price`, `release_date`, `stock_number`, `total_episode`, `category_id`, `created_at`, `id`, `modified_at`, `manufacturer`, `name`, `story`, `adult`, `md_pick`) VALUES (b'0', 3300, '2023-11-11', 1, 24, 4, '2025-01-24 15:42:06', 72, '2025-01-24 15:42:06', 'Tezuka Productions', '여신의 카페테라스 BD', '도쿄대학 현역 합격한 수재 카스카베 하야토, 싸우고 헤어져 있던 할머니의 부고를 듣고, 3년만에 바닷가 마을의 낡은 친가 「카페 테라스·패밀리아」에 돌아오자, 거기에는 낯선 5명의 소녀들이! 게다가 그녀들은 「할머니의 가족」이라는 이름을 붙였다!? 운명의 여자 5명와 사치스러운 공동생활이 시작된다!', 'Y', 'N');
INSERT INTO `product` (`del_flag`, `price`, `release_date`, `stock_number`, `total_episode`, `category_id`, `created_at`, `id`, `modified_at`, `manufacturer`, `name`, `story`, `adult`, `md_pick`) VALUES (b'0', 3300, '2023-11-11', 1, 13, 4, '2025-01-24 15:42:06', 73, '2025-01-24 15:42:06', 'Connect', '아야카시 트라이앵글 BD', '신비한 요괴(아야카시)들이 넘쳐나는 일본. 이들을 퇴치하고 인간 세계를 지키는 불제닌자들이 있다.\n\n어린 불제닌자인 카자마키 마츠리는 특별한 힘을 가져 아야카시들의 사냥감이 된 친구 스즈를 지켜왔다. 어느 날 스즈가 아야카시들의 왕 시로가네로부터 공격받자 마츠리는 시로가네를 봉인하려 시도하지만, 시로가네는 그 힘만이 봉인되어 완전한 봉인에 실패하고 오히려 시로가네의 술법으로 인해 마츠리가 여자가 되고 만다.\n\n마츠리는 봉인된 힘을 되찾으려는 시로가네를 퇴치하고 아야카시들로부터 스즈를 지킬 수 있을까?', 'Y', 'Y');
INSERT INTO `product` (`del_flag`, `price`, `release_date`, `stock_number`, `total_episode`, `category_id`, `created_at`, `id`, `modified_at`, `manufacturer`, `name`, `story`, `adult`, `md_pick`) VALUES (b'0', 3300, '2023-11-11', 1, 26, 4, '2025-01-24 15:42:06', 74, '2025-01-24 15:42:06', 'LIDENFILMS', '도쿄 리벤저스 성야결전편 (2기) BD', '별 볼 일 없는 밑바닥 인생, 하나가키 타케미치.\n중학생 시절 여자친구였던 타치바나 히나타가 도쿄 만지회라는\n\n악랄한 범죄 조직에 살해당했다는 사실을 알게 된다.\n다음 날, 승강장에서 누군가에게 떠밀려 선로로 떨어진\n그는 죽음을 맞이하는 대신 12년 전 중학교 때로 타임 리프하는데.\n\n과거를 바꾸면 히나타를 구할 수 있을까?\n\n그녀를 위해, 모두를 위해, 아니 자기 자신을 위해,\n운명을 다시 쓰는 그의 뜨거운 인생 리벤지가 시작된다!', 'Y', 'Y');
INSERT INTO `product` (`del_flag`, `price`, `release_date`, `stock_number`, `total_episode`, `category_id`, `created_at`, `id`, `modified_at`, `manufacturer`, `name`, `story`, `adult`, `md_pick`) VALUES (b'0', 3300, '2023-11-11', 1, 12, 4, '2025-01-24 15:42:06', 75, '2025-01-24 15:42:06', 'Silver Link.', '티어문 제국 이야기 ~단두대에서 시작하는 황녀님의 전생 역전 스토리~ BD', '『목이... 있어?! 거기에다... 어려졌어?!』\n\n대국 티어문 제국에서 자기중심적인\n공주라고 업신여겨졌던 황녀 미아는,\n민중 혁명으로 인해 단두대에서 처형되었다.\n\n그럴 터였는데, 눈을 떠보니 12살이었을 때로 타임 리프해 있었다!\n\n보아하니 여기는 다시 한 번 시작하게 된 세계.\n그녀의 베개 옆에 있었던 건, 처형당하기 전에 그녀가\n쓰던 피로 얼룩진 일기였다.\n\n제2의 인생을 살게 된 미아는 제국을 다시 세우기로 결심했는데.\n\n"제국의 미래를 위해서?"\n"민중을 기근으로부터 구하기 위해?"\n"내전으로 목숨을 잃는 수많은 \'병사\'들을 위해?"\n아니다! 모든 것은 "단두대 위에 서는 운명을 회피하기 위해!"\n\n『이, 이 정도는 제게 있어선 간단하죠!』', 'Y', 'Y');
INSERT INTO `product` (`del_flag`, `price`, `release_date`, `stock_number`, `total_episode`, `category_id`, `created_at`, `id`, `modified_at`, `manufacturer`, `name`, `story`, `adult`, `md_pick`) VALUES (b'0', 3300, '2023-11-11', 1, 12, 4, '2025-01-24 15:42:07', 76, '2025-01-24 15:42:07', 'ENGI', '경험 많은 너와 경험 없는 내가 사귀게 된 이야기', '조, 좋아해요!\n\n응? 조조아예요?[6]\n\n음침한 듯한 고등학생 카시마 류토는 스쿨 카스트 최상위&동경하는 시라카와 루나에게 벌칙을 계기로 고백하게 되었다. 예상 밖의 "어, 그야 나 지금 프리니깐"이라는 이유로 사귀게 된 두 사람이지만, 류토는 꽃미남 축구부원에게 고백받는 루나를 뒤따라가 엿듣기도 하고, 루나는 이제 막 사귄 류토를 당연한 듯 자기 방으로 데려가기도 한다.\n\n사귀는 친구도 놀이도 모두 다른 두 사람이지만, 나날이 그 갭에 놀라워하며 서로 받아들이고 마음을 섞기 시작한다.\n읽으면 반드시 멋진 기분이 드는 러브스토리, 시작합니다!', 'Y', 'Y');
INSERT INTO `product` (`del_flag`, `price`, `release_date`, `stock_number`, `total_episode`, `category_id`, `created_at`, `id`, `modified_at`, `manufacturer`, `name`, `story`, `adult`, `md_pick`) VALUES (b'0', 3300, '2023-11-11', 1, 24, 4, '2025-01-24 15:42:07', 77, '2025-01-24 15:42:07', 'Studio Kafka', '마법사의 신부 2기', '모든 것은 아니다. 그래도 엘리어스를,\n그리고 자신을 받아들일 수 있게 된 치세.\n\n카르타필루스가 잠시 잠에 들고 일상을 되찾은 그녀의 앞에 도착한 것은,\n마술사들의 상호 부조 조직인 \'칼리지\'로의 초대장이었다.\n\n대영 도서관 지하.\n지금까지와는 다른 마술사들의 사회.\n\'인간\'과의 만남과 그들과의 교류가 새로운 문을 열어젖히고 있었는데.\n\n\'이것은, 나를(당신을) 구하기 위한 이야기\'.', 'N', 'N');
INSERT INTO `product` (`del_flag`, `price`, `release_date`, `stock_number`, `total_episode`, `category_id`, `created_at`, `id`, `modified_at`, `manufacturer`, `name`, `story`, `adult`, `md_pick`) VALUES (b'0', 3300, '2023-11-11', 1, 12, 4, '2025-01-24 15:42:07', 78, '2025-01-24 15:42:07', 'Gekkou', '템플 BD', '그래, 출가하자!\n\n난봉꾼 집안으로 알려진 아카가미 가문의 일원인 게 싫어서\n공부와 아르바이트에 열중하는 나날을 보내고 있던 아카가미 아케미츠는,\n어느 날 우연히 만나게 된 소녀 아오바 유즈키에게 첫눈에 반하게 되었다.\n\n이후 완전히 번뇌에 사로잡히게 된 아케미츠는,\n자신의 핏줄에 저항하고 금욕적으로 살기 위해 절에 들어갔지만...\n\n놀랍게도 그곳은 미소녀들로 가득한 여승방이었다!\n\n큐트한 세 자매 및 그들과 함께 지내는 미녀들과의 청춘 절 러브 코미디, 개막!', 'N', 'N');
INSERT INTO `product` (`del_flag`, `price`, `release_date`, `stock_number`, `total_episode`, `category_id`, `created_at`, `id`, `modified_at`, `manufacturer`, `name`, `story`, `adult`, `md_pick`) VALUES (b'0', 3300, '2023-11-11', 1, 24, 4, '2025-01-24 15:42:07', 79, '2025-01-24 15:42:07', 'LIDENFILMS', '바람의 검심 -메이지 검객 낭만기-', '막부 말기 동란의 시기 \'칼잡이 발도재\'라 불리며 모두가 두려워하던 유신지사가 있었다.\n그는 새로운 시대의 도래와 함께 사람들 앞에서 모습을 감췄고 \'최강\'이라는 이름의 전설이 되었다.\n\n시간은 흘러── 메이지 11년 도쿄 서민 마을.\n역날검을 허리에 차고 불살을 맹세한 떠돌이 검객 히무라 켄신은 카미야 활심류 사범 대리인 카미야 카오루와 만난다.\n켄신은 활심류를 사칭하며 칼부림을 일삼는 \'칼잡이 발도재\' 사건을 해결한 것을 계기로 카오루네 검술 도장의 식객이 된다.\n도쿄 무사 가문 출심의 묘진 야히코, 싸움꾼 사가라 사노스케와 같은 동료들과의 만남.\n과거의 악연으로 인해 싸우게 된 숙적들과의 대치.\n\n새로운 시대를 힘껏 살아가는 사람들이 그리는 메이지 검객 낭만기,  \n여기에 개막──', 'N', 'N');
INSERT INTO `product` (`del_flag`, `price`, `release_date`, `stock_number`, `total_episode`, `category_id`, `created_at`, `id`, `modified_at`, `manufacturer`, `name`, `story`, `adult`, `md_pick`) VALUES (b'0', 3300, '2023-11-11', 1, 12, 4, '2025-01-24 15:42:07', 80, '2025-01-24 15:42:07', 'TMS Entertainment', '여친, 빌리겠습니다 3기 BD', '글러 먹은 대학생 키노시타 카즈야는\n청초하고 예쁜 "렌탈 여자친구" 미즈하라 치즈루를 만나\n가족과 친구들에게 치즈루가 "여자친구"라고 거짓말을 한다.\n\n사실을 말하지 못한 채 하루하루를 보내는 카즈야의\n주변에는 알 수 없는 공격을 해오는 악마 같은\n전 여자친구인 나나미 마미,\n\n조금 뻔뻔스럽지만 매우 적극적인 (임시) 여자친구\n사라시나 루카, 극도로 낯을 가리지만 씩씩하고\n늘 열심히 노력하는 치즈루의 렌탈 여자친구 후배인\n사쿠라사와 스미까지, 미소녀인 "여자친구"가 잔뜩 있다!!\n\n많은 계절을 함께 보내고 여러 가지 사건을 극복하면서\n치즈루에 대한 사랑을 키워가는 카즈야는\n배우로서 활약하고 싶어 하는 치즈루를 응원하겠다고 맹세한다.\n\n하지만 그 무렵 치즈루의 할머니인 사유리의 건강이\n악화되어 자신이 출연한 영화를 할머니에게 보여주겠다는\n치즈루의 꿈이 무너질 위기를 맞이하게 된다.', 'N', 'Y');
INSERT INTO `product` (`del_flag`, `price`, `release_date`, `stock_number`, `total_episode`, `category_id`, `created_at`, `id`, `modified_at`, `manufacturer`, `name`, `story`, `adult`, `md_pick`) VALUES (b'0', 3300, '2023-11-11', 1, 33, 4, '2025-01-24 15:42:08', 81, '2025-01-24 15:42:08', 'Doga Kobo', '백성녀와 흑목사 BD', '나도 모르게 응원하게 되는 애타고, 답답하고, 감질나는 두 사람의 거리감!\n판타지 세계를 배경으로 펼쳐지는 무자각 꽁냥 러브 코미디!\n어느 시골 마을의 작은 교회에 뒹굴거리는 성녀 세실리아와\n둔감한 과보호 목사 로렌이 보는 사람이 다 답답하고\n애탈 정도로 둔해서 서로의 거리감을 전혀 좁히지 못한채 살고 있습니다~~!!', 'N', 'N');
INSERT INTO `product` (`del_flag`, `price`, `release_date`, `stock_number`, `total_episode`, `category_id`, `created_at`, `id`, `modified_at`, `manufacturer`, `name`, `story`, `adult`, `md_pick`) VALUES (b'0', 5500, '2025-11-11', 1, 16, 5, '2025-01-24 15:42:08', 82, '2025-01-24 15:42:08', 'Zero-G', 'S랭크 몬스터 《베헤모스》지만 고양이라고 착각하길래 엘프 소녀의 기사(애완묘)로 살고 있습니다', '미궁도시・류인\n몬스터가 들끓는 미궁이 있는 이 마을에는\n많은 모험가들이 모여든다.\n목숨을 잃고 전생한 주인공은 미궁 안에서 눈을 뜬다.\n그런데 그 겉모습은 아무리 봐도 아기 고양이?!\n하지만 그 정체는──\n재해급 S랭크 몬스터 《베헤모스》의 어린 개체였다.\n주인공이 미궁에서 만난 것은 신출내기 D랭크 모험가인 아리아.\n주인공을 아기 고양이로 착각한 아리아는\n중상을 입은 주인공을 데리고 집으로 돌아와\n치료를 해주고 ′타마′라는 이름을 붙이고\n자신의 애완묘로 키우기로 결정한다.\n아리아의 상냥한 마음씨에 감동한 타마는\n아리아를 지키는 기사가 되기로 맹세한다.\nS랭크 몬스터의 능력을 살려 아리아와 함께\n미궁을 모험하는 타마. 개성 넘치는 동료들과 만나고,\n때로는 사랑을 듬뿍 받는 기사(애완묘)의 일상이 시작된다!', 'Y', 'Y');
INSERT INTO `product` (`del_flag`, `price`, `release_date`, `stock_number`, `total_episode`, `category_id`, `created_at`, `id`, `modified_at`, `manufacturer`, `name`, `story`, `adult`, `md_pick`) VALUES (b'0', 5500, '2024-11-11', 1, 4, 5, '2025-01-24 15:42:08', 83, '2025-01-24 15:42:08', 'Elias', '엘프 씨는 살을 뺄 수 없어. Elf-san wa Yaserarenai.', '에루후다 씨』\n“고향에 있을 때는 뱃살 따위 금방 빠졌었는데......”\n엘프 씨가 포동포동 살이 쪘다고?\n엘프 씨는 과연 살을 뺄 수 있을 것인가?\n감자튀김과 사랑에 빠진 엘프 씨의 다이어트 이야기, 지금 시작합니다!\n사상 최초?! 통통한 일상 판타지─!!', 'Y', 'N');
INSERT INTO `product` (`del_flag`, `price`, `release_date`, `stock_number`, `total_episode`, `category_id`, `created_at`, `id`, `modified_at`, `manufacturer`, `name`, `story`, `adult`, `md_pick`) VALUES (b'0', 5500, '2022-11-11', 1, 12, 5, '2025-01-24 15:42:08', 84, '2025-01-24 15:42:08', 'TNK', '부덕의 길드 BD', '20살이면서 유능한 사냥꾼인 키클은 여자와 한번도 교제하지 않고 보내 버린 자신의 회색의 10 대 시절을 되돌아보고, 일에 대한 의욕이 사라진다!\n그러던 어느 날, 길드 직원의 제안을 계기로 신입생의 무도가 소녀인 히타무와 함께 퀘스트에 임하게 되는데..\n그렇지만, 히타무는 왜 계속 마물에게 야한 짓을 당하게되는거지!?\n사냥 에로 코메디, 드디어 개막 !!', 'Y', 'Y');
INSERT INTO `product` (`del_flag`, `price`, `release_date`, `stock_number`, `total_episode`, `category_id`, `created_at`, `id`, `modified_at`, `manufacturer`, `name`, `story`, `adult`, `md_pick`) VALUES (b'0', 5500, '2023-11-11', 1, 22, 5, '2025-01-24 15:42:09', 85, '2025-01-24 15:42:09', 'Quad', '개가 되었더니 좋아하는 사람이 날 주웠다. BD', '쿨 미소녀에게 사육당하는 POV러브코미디!\n눈을 떠보니, 너무나 쿨한 미소녀 이누카이 씨의 애완견이 되어있었다! 학교에선 무표정한 이누카이 씨. 하지만 그녀는 강아지를 너무나도 사랑해, 정도를 넘은 개 애호가였다!! 산책에 화장실, 좋아하는 아이에게 조교당해 이대로라면 몸도 마음도 개가 되어버려!!\n인간을 그만둬버리는 계열(?!)의 약간 야한 코미디![', 'Y', 'Y');
INSERT INTO `product` (`del_flag`, `price`, `release_date`, `stock_number`, `total_episode`, `category_id`, `created_at`, `id`, `modified_at`, `manufacturer`, `name`, `story`, `adult`, `md_pick`) VALUES (b'0', 5500, '2022-11-11', 1, 44, 5, '2025-01-24 15:42:09', 86, '2025-01-24 15:42:09', 'Passione', '연애 플롭스 BD', '거리로 나서서 주위를 바라보면\n한 명 정도는 눈에 들어올 듯한 평범한 남고생 카시와기 아사히.\n\n변함없는 일상에 아무런 의문도 품지 않은 채 집을 나서 학교로 가던 도중,\n아사히에게 갖가지 재난이 닥쳐왔다.\n\n그리고 이는 집을 나서기 전 전혀 신경 안 쓰고 있던,\nTV 운세 코너의 기묘한 점괘대로였는데.\n\n차례로 벌어지는 트러블 속에서 5명의 소녀들과 최악이라고 할 수 있는 만남을 이룬 아사히.\n몸도 마음도 너덜너덜해진 채 드디어 도착한 학교에서 그의 눈에 들어온 것은,\n전학생 및 신임 교사로 온 5명의 소녀들이었다.\n\n아사히는 필사적으로 얼굴을 가렸으나 당연히 먹힐 리가 없었고,\n자칭 아사히의 절친인 이쥬인 요시오가 그들과 어떤 관계냐고 물었다.\n\n그래도 5명의 소녀들과 함께 지내는 가운데\n모든 것이 오해였다는 것이 밝혀지고, 약간이나마 서로 마음을 트게 되었다.\n\n그리고 방과 후, 집으로 가기 위해 신발장을 열어보니\n거기에는 한 통의 러브레터가 있었다.\n\n발신인 불명인 러브레터에는\n교사 뒤편 벚꽃 나무 밑에서 기다리고 있겠다고 적혀 있었고, 이 또한 점괘대로였다.\n이렇게 된 이상 다 확인해봐야겠다고 다짐한 아사히는 벚꽃 나무 밑을 향했는데.\n\n벚꽃이 피는 계절에 5명의 사랑을 실은 바람이 스쳐 지나가는,\n아련하고 애달픈 청춘 러브 스토리가 지금 막을 열었다.', 'Y', 'Y');
INSERT INTO `product` (`del_flag`, `price`, `release_date`, `stock_number`, `total_episode`, `category_id`, `created_at`, `id`, `modified_at`, `manufacturer`, `name`, `story`, `adult`, `md_pick`) VALUES (b'0', 5500, '2022-11-11', 1, 12, 5, '2025-01-24 15:42:09', 87, '2025-01-24 15:42:09', 'Passione', '이세계 미궁에서 하렘을 BD', '평범한 고등학생이 전이한 곳은 치트에 하렘인 꿈의 세계. 수상한 웹 사이트에서 온라인게임의 캐릭터 메이크 같은 걸 하고 있자, 이세계에 전이해버린 고등학생 카가 미치오.  이곳은 캐릭터 메이크로 설정한 무기나 스킬 등이 실제로 사용할 수 있는 세계. 미치오는 획득한 스킬을 유효하게 사용해, 생산적으로 살아가기로 결의한다.  그리고, 지구에서는 볼 수도 없을 만큼의 아름다운 소녀, 록산느. 록산느를 손에 넣기 위한, 미치오의 활약이 시작된다.....', 'Y', 'Y');
INSERT INTO `product` (`del_flag`, `price`, `release_date`, `stock_number`, `total_episode`, `category_id`, `created_at`, `id`, `modified_at`, `manufacturer`, `name`, `story`, `adult`, `md_pick`) VALUES (b'0', 5500, '2021-11-11', 1, 35, 5, '2025-01-24 15:42:09', 88, '2025-01-24 15:42:09', 'AXsiZ', '종말의 하렘 BD', '때는 2040년. 난치병에 걸린 청년 레이토는 소꿉친구 에리사와 재회를 맹세하고, 병을 치료하기 위해 콜드 슬립에 들어간다.  그리고 5년 후ㅡ 깨어난 레이토를 기다리고 있는 것은 99.9%의 남자들이 사멸하고 50억 명의 여성이 살고 있는 세계였다…!  근미래 에로틱 서스펜스 개막!', 'Y', 'Y');
INSERT INTO `product` (`del_flag`, `price`, `release_date`, `stock_number`, `total_episode`, `category_id`, `created_at`, `id`, `modified_at`, `manufacturer`, `name`, `story`, `adult`, `md_pick`) VALUES (b'0', 5500, '2020-11-11', 1, 13, 5, '2025-01-24 15:42:09', 89, '2025-01-24 15:42:09', 'Peak Hunt', '늑대는 잡아먹히고 싶어 ( BD.ver )', '"아카가미 선생님이 먹었으면 해서" 항간에 소문난 「치마 탈취 아저씨」에게 치마를 도둑맞아 버린 오오가미 히나코 도와준 사람은 우연히 지나가던 아카가시라 …"선생님의 특별한 한사람이 되고 싶어요"', 'Y', 'Y');
INSERT INTO `product` (`del_flag`, `price`, `release_date`, `stock_number`, `total_episode`, `category_id`, `created_at`, `id`, `modified_at`, `manufacturer`, `name`, `story`, `adult`, `md_pick`) VALUES (b'0', 5500, '2020-11-11', 1, 24, 5, '2025-01-24 15:42:09', 90, '2025-01-24 15:42:09', 'Studio Hokiboshi', '오버플로 BD', '남주인공. 시라카와 아야네, 시라카와 코토네와 어릴 적부터 친남매처럼 같이 자란 관계이지만, 둘 다 너무 성숙한 체형의 미소녀로 성장하였고 카즈시 앞에서 가슴이나 다리를 훤히 드러내는 등 무방비한 모습을 보여 어쩔 줄 몰라하며 고민 하던 중에 욕탕에서…', 'Y', 'Y');
INSERT INTO `product` (`del_flag`, `price`, `release_date`, `stock_number`, `total_episode`, `category_id`, `created_at`, `id`, `modified_at`, `manufacturer`, `name`, `story`, `adult`, `md_pick`) VALUES (b'0', 5500, '2020-11-11', 1, 78, 5, '2025-01-24 15:42:10', 91, '2025-01-24 15:42:10', 'Passione', '이종족 리뷰어즈 BD', '이종족 아가씨가 있는 XX점을 리뷰!! 슈퍼 이단 판타지 코미디!!\n빈번하게 므흣한 서비스를 해주는 서큐버스 양의 가게에 다니는 인간 모험가 스턴크는 어느 날 종족 간의 (성적 의미에서의) 감성 차이로 악우 에로엘프 젤과 충돌한다. 결판을 지을 방법은 타 종족 아가씨들을 리뷰하는 것!!', 'Y', 'Y');
INSERT INTO `product` (`del_flag`, `price`, `release_date`, `stock_number`, `total_episode`, `category_id`, `created_at`, `id`, `modified_at`, `manufacturer`, `name`, `story`, `adult`, `md_pick`) VALUES (b'0', 5500, '2020-11-11', 1, 24, 5, '2025-01-24 15:42:10', 92, '2025-01-24 15:42:10', 'Wolfsbane', '피터 그릴과 현자의 시간 ( BD.ver )', '한밤중의 그는 지성이 없지만, 아침짹 타임에는 지상 최강의 현자가 된다\n(예비)장인어른에게 연인 관계를 인정받고 싶다는 일념으로 현란무투제 우승을 거머쥐고 영광의 자리에 우뚝 선 피터 그릴. 하지만 무투제 우승자, 즉 세계 최강의 남자라는 칭호는 그리 단순한 것이 아니었으니, 국가들 사이의 대리전이나 다름없는 무투회에서 우승한 남자의 씨는 그 무엇보다도 가치있는 전리품이었다.\n피터의 유전자를 노리는 수많은 여자들, 딸을 뺏기기 싫어 피터를 파멸시키려는 길드장. 약혼자가 있음에도 불구하고 연달아 피터와 약혼자를 배신하는 그의 하반신.\n과연 그의 운명은 어떻게 흘러가는 것일까?', 'Y', 'Y');
INSERT INTO `product` (`del_flag`, `price`, `release_date`, `stock_number`, `total_episode`, `category_id`, `created_at`, `id`, `modified_at`, `manufacturer`, `name`, `story`, `adult`, `md_pick`) VALUES (b'0', 5500, '2020-11-11', 1, 24, 5, '2025-01-24 15:42:10', 93, '2025-01-24 15:42:10', 'White Fox', '고블린 슬레이어 : 고블린즈 크라운', '검의 소녀의 의뢰를 받은 고블린 슬레이어 일행은 영애 검사를 찾기 위한 모험을 떠난다. 무언가에 의해 통솔되는 고블린들을 상대로 고블린 슬레이어의 치열한 싸움이 시작된다.', 'Y', 'Y');
INSERT INTO `product` (`del_flag`, `price`, `release_date`, `stock_number`, `total_episode`, `category_id`, `created_at`, `id`, `modified_at`, `manufacturer`, `name`, `story`, `adult`, `md_pick`) VALUES (b'0', 5500, '2020-11-11', 1, 16, 5, '2025-01-24 15:42:10', 94, '2025-01-24 15:42:10', 'Zero-G', '계 츠구모모 (츠구모모 2기) BD', '『\'오비\'라는 의상의 츠구모모이자 이 작품의 여자 주인공인데, 장난기 많고, 성격 이상하고, 거만하기까지 합니다. 근데, 보통은 누군가를 신경 쓰게 되면 조금은 변하기 망정인데, 이상하게도 이 인물은 남자 주인공을 신경 쓰기 시작하면서도 이 성격은 못 고치더군요. 그래서 그런지 필자는 이 인물을 별로 좋아하진 못했습니다. 물론, 싫은 건 아니었지만…. 아, 그리고 남자 주인공과 함께 항상 잠을 자는데, 속옷을 안 입고 잡니다. 위아래 전부…. 덕분에 남자 주인공은 항상 잠이 부족한….』', 'Y', 'Y');
INSERT INTO `product` (`del_flag`, `price`, `release_date`, `stock_number`, `total_episode`, `category_id`, `created_at`, `id`, `modified_at`, `manufacturer`, `name`, `story`, `adult`, `md_pick`) VALUES (b'0', 5500, '2020-11-11', 1, 49, 5, '2025-01-24 15:42:10', 95, '2025-01-24 15:42:10', 'Passione', '극장판 거충열도 BD', '사립 봉상고등학교 학생들을 태운 여객기가 의문의 사고로 추락해 오리베 무츠미들은 어떤 섬으로 흘러간다.\n해변에서 눈을 뜬 무츠미들은 다른 생존자들과 합류해 구조를 기다리기로 했지만 그 섬은 거대한 곤충에게 지배당한 섬이었다.', 'Y', 'Y');
INSERT INTO `product` (`del_flag`, `price`, `release_date`, `stock_number`, `total_episode`, `category_id`, `created_at`, `id`, `modified_at`, `manufacturer`, `name`, `story`, `adult`, `md_pick`) VALUES (b'0', 5500, '2020-11-11', 1, 23, 5, '2025-01-24 15:42:11', 96, '2025-01-24 15:42:11', 'Magic Bus', '내 손가락으로 흐트러져라. 폐점 후 둘만 남은 살롱에서', '혹시 내 손가락에 욕망하고 있는 건가?" 도시의 인기 살롱에서 어시스턴트로 일하는 \'후미\'. 동경의 대상인 카리스마 넘치는 미용사 \'소호\'에게 매일 혹독한 지도를 …', 'Y', 'Y');
INSERT INTO `product` (`del_flag`, `price`, `release_date`, `stock_number`, `total_episode`, `category_id`, `created_at`, `id`, `modified_at`, `manufacturer`, `name`, `story`, `adult`, `md_pick`) VALUES (b'0', 5500, '2025-11-11', 1, 57, 5, '2025-01-24 15:42:11', 97, '2025-01-24 15:42:11', 'Tear Studio', '어째서 여기에 선생님이!? ( BD.ver )', '우연이 반복되면 필연이다?!\n어째서 여기에 선생님이?!\n엄격하고 무섭기로 소문난 \'호랑이 코지마\' 선생님! 하지만 어째서인지 사토 이치로와 함께 있으면 민망한 상황이 발생, 선생님의 얼굴은 무장해제 상태가 되는데…?!\n화장실에서, 코인 세탁소에서, 도서관에서, 수영장에서, 그리고 고향의 집에서… 어설프게 겹치기 시작한 우연 속에서 \'호랑이 코지마\'는 점점 사토에게 마음이 끌리기 시작한다…!!', 'Y', 'Y');
INSERT INTO `product` (`del_flag`, `price`, `release_date`, `stock_number`, `total_episode`, `category_id`, `created_at`, `id`, `modified_at`, `manufacturer`, `name`, `story`, `adult`, `md_pick`) VALUES (b'0', 5500, '2025-11-11', 1, 25, 5, '2025-01-24 15:42:11', 98, '2025-01-24 15:42:11', 'Magia Doraglier', '내가 좋아하는 건 여동생이지만 여동생이 아니야 ( BD.ver )', '중학교 3학년인 내 여동생, 나가미 스즈카는 완벽한 우등생.\n그런데 그 아이가 라이트노벨 공모전에서 상을 탔다고?!\n\n더군다나 그 소설 내용이 『오빠를 무지 사랑하는 여동생의 러브러브 코미디』?!\n현실의 오빠(=나)한테는 항상 엄격하면서......\n\n그런 스즈카의 부탁으로 내가 대신 작가 데뷔?!\n그리고 그 와중에 출판된 소설이 완전 대 히트!\n\n급기야 나에게 팬이라고 말하는 미소녀, 작가, 일러스트레이터가 모이기 시작하질 않나!\n스즈카는 소재를 찾으려고 데이트하고 싶다고 말하질 않나!\n\n──다들 착각하지 마!\n내가 좋아하는 건 여동생이 쓴 소설에 나오는 여동생이지, 진짜 여동생이 아니야!', 'Y', 'Y');
INSERT INTO `product` (`del_flag`, `price`, `release_date`, `stock_number`, `total_episode`, `category_id`, `created_at`, `id`, `modified_at`, `manufacturer`, `name`, `story`, `adult`, `md_pick`) VALUES (b'0', 5500, '2025-11-11', 1, 34, 5, '2025-01-24 15:42:11', 99, '2025-01-24 15:42:11', 'Tezuka Productions', '오등분의 신부 BD', '가난한 생활을 하는 고등학교 2학년 \'우에스기 후타로\' 에게 달콤한 과외 아르바이트 제안이 날아든다.\n\n그렇지만 제자는 놀랍게도 동급생, 심지어 다섯 쌍둥이였다. 전원 미소녀, 그러나 \'낙제 직전\', \'공부 질색\'인 문제아들! 후타로는 너무도 개성적인 그들을 과연 \'졸업\'까지 인도할 수 있을 것인가?', 'Y', 'Y');
INSERT INTO `product` (`del_flag`, `price`, `release_date`, `stock_number`, `total_episode`, `category_id`, `created_at`, `id`, `modified_at`, `manufacturer`, `name`, `story`, `adult`, `md_pick`) VALUES (b'0', 5500, '2025-11-11', 1, 27, 5, '2025-01-24 15:42:11', 100, '2025-01-24 15:42:11', 'Bibury Animation Studios', '아주르 렌 ( BD.ver )', '바다로 진출한 인류는 세이렌에게 패배하며 바다의 주도권을 뺏기며 훗날을 기약하며 힘을 기르고 있었습니다. 세이렌에 대항하기 위해 벽람항로(아주르 레인)을 결성한 유니온, 로얄. 그들은 인류의 힘으로 세이렌으로부터 바다를 되찾으려 하였으나, 적색중축(레드 엑시즈)의 철혈, 중앵의 습격을 받으며 싸움에 임하였고, 함선의 힘을 사람이 사용하는 기술을 사용하며 대항하지만 적색중축의 아카기와 카가의 공격으로 위기에 빠지나 엔터프라이즈의 지원과 일러스트리어스와 프린스 오브 웨일즈의 합류로 적색중축은 후퇴하며 이야기가 마무리 됩니다.', 'Y', 'Y');
INSERT INTO `product` (`del_flag`, `price`, `release_date`, `stock_number`, `total_episode`, `category_id`, `created_at`, `id`, `modified_at`, `manufacturer`, `name`, `story`, `adult`, `md_pick`) VALUES (b'0', 5500, '2025-11-11', 1, 23, 5, '2025-01-24 15:42:12', 101, '2025-01-24 15:42:12', 'Magic Bus', 'XL 상사 BD', '정말로 없는 XL 사이즈 이라면...여기에 있지.\n친구의 소개로 XL 사이즈를 가진 어느 물건[1]의 모니터를 하게 된 사키.\n남친도 없는데 절대무리! 라고 홧김에 술을 들이키던 밤, 집 까지 데려다 준 귀신 상관 스도 씨의 거대한 그것을 보게 되었다!\n\n아, 아니예요!\n사정을 말 하자면 스도 씨에게 감춰둔 것을 들키게 될거고...\n\n견원지간의 상사와 XL 모니터, 그리고 전 종류를 제압 한다...거짓말이지?', 'Y', 'Y');
INSERT INTO `product` (`del_flag`, `price`, `release_date`, `stock_number`, `total_episode`, `category_id`, `created_at`, `id`, `modified_at`, `manufacturer`, `name`, `story`, `adult`, `md_pick`) VALUES (b'0', 5500, '2025-11-11', 1, 12, 5, '2025-01-24 15:42:12', 102, '2025-01-24 15:42:12', 'J.C.Staff', '일반공격이 전체공격에 2회 공격인 엄마는 좋아하세요? ( BD.ver )', '“이제부터 이 엄마와 함께 실컷 모험을 하는 거야.”\n“맙소사......”\n\n고교생 오오스키 마사토는 그렇게 염원하던 게임세계로 전송되지만, 어찌된 영문인지 그의 어머니이자 아들이라면 껌뻑 죽는 마마코도 따라오는데?!\n\n길드에서는 「아들의 연인이 될지도 모르는 애들이니까」라는 이유로 마사토가 고른 동료들에게 면접을 실시하고, 어두운 동굴에서는 반짝반짝 빛나는데다, 무릎베개로 몬스터를 재우는 걸로 모자라, 전체공격에 2회 공격인 성검으로 무쌍을 찍는 등 아들인 마사토가 질릴 정도로 대활약을 하는데?!\n\n현자인데도 유감스런 미소녀 와이즈, 치유계 여행 상인인 포타를 동료로 맞이한 그들이 구하려는 것은 위기에 처한 세계가 아니라 부모자식간의 정.', 'Y', 'Y');
INSERT INTO `product` (`del_flag`, `price`, `release_date`, `stock_number`, `total_episode`, `category_id`, `created_at`, `id`, `modified_at`, `manufacturer`, `name`, `story`, `adult`, `md_pick`) VALUES (b'0', 5500, '2025-11-11', 1, 16, 5, '2025-01-24 15:42:12', 103, '2025-01-24 15:42:12', 'Studio Hokiboshi', '손끝에서 진심의 열정 소방관은 똑바른 눈으로 나를 안아주었다 BD.ver', '저기, 내가 싼티나는 거야?\n소꿉친구였던 소방사 소마에게 미팅의 제의를 받게 된 료.\n이런 싼티남은 연애대상밖.\n그런 어느날 맨션에 불이 나게 되면서 소마의 방에 얹혀살게 되는 경우가!\n한 방의 안에서, 경계하며 거리를 유지해나가기도 하며...\n화재로써 구해지게 되었을 때의 상처를 보고 마음을 돌리게 되기도.\n이 녀석은 그저 소꿉친구일뿐이었는데.\n처음 보는 뜨거운 눈매로, 더는 거부할 수 없어.', 'Y', 'Y');
INSERT INTO `product` (`del_flag`, `price`, `release_date`, `stock_number`, `total_episode`, `category_id`, `created_at`, `id`, `modified_at`, `manufacturer`, `name`, `story`, `adult`, `md_pick`) VALUES (b'0', 5500, '2025-11-11', 1, 33, 5, '2025-01-24 15:42:12', 104, '2025-01-24 15:42:12', 'Asread', '흔해빠진 직업으로 세계최강 OVA화', '『왕따』를 당하던 나구모 하지메는 같은 반 아이들과 함께 이세계로 소환된다. 차례차례 사기적인 전투 능력을 발현하는 반 아이들과는 달리 연성사라는 평범한 능력을 손에 넣은 하지메. 이세계에서도 최약인 그는 어떤 반 아이의 악의 탓에 미궁의 나락으로 떨어지고 마는데─?!\n\n탈출 방법을 찾을 수 없는 절망의 늪에서 연성사로 최강에 이르는 길을 발견한 하지메는 흡혈귀 유에와 운명적인 만남을 이루고─.\n\n“내가 유에를, 유에가 나를 지킨다. 그럼 최강이야. 전부 쓰러뜨리고 세계를 뛰어넘자.”\n\n나락으로 떨어진 소년과 가장 깊은 곳에 잠들었던 흡혈귀가 펼치는 『최강』 이세계 판타지 개막!', 'Y', 'Y');
INSERT INTO `product` (`del_flag`, `price`, `release_date`, `stock_number`, `total_episode`, `category_id`, `created_at`, `id`, `modified_at`, `manufacturer`, `name`, `story`, `adult`, `md_pick`) VALUES (b'0', 5500, '2025-11-11', 1, 12, 5, '2025-01-24 15:42:12', 105, '2025-01-24 15:42:12', 'Hoods Entertainment', '발×러브 BD', '인류를 위협하는 악마에 맞서 싸우는 9명의 발키리 자매. 그녀들의 힘의 근원은 1명의 고등학생과의 사랑이었다\n\'악마\'라는 별명을 가지고 있을 정도로 무서운 얼굴과 외모 때문에  주위 사람들이 겁을 먹어서 다른 사람과 관계를 맺는 것이 어려운 고독한 고등학생 아쿠츠 타쿠마.\n\n1명의 소녀를 구한 것을 계기로 악마와 싸우는 9명 발키리 자매의 연인이 되어 그녀들을 성장시켜서\n인간계를 지켜달라는 부탁을 받는다. 그 방법은... 발키리와 사랑을 하는 것!!\n9명의 자매들과 연인 계약을 맺은 타쿠마는 그녀들과 한 집에서 생활하며 다양하고 진한 미션을 극복하며 그녀들을 싸움으로 이끌게 되는데...\n\n사랑이 세계를 구한다는 것을 증명해라!\n발키리, 발동-', 'Y', 'Y');
INSERT INTO `product` (`del_flag`, `price`, `release_date`, `stock_number`, `total_episode`, `category_id`, `created_at`, `id`, `modified_at`, `manufacturer`, `name`, `story`, `adult`, `md_pick`) VALUES (b'0', 5500, '2025-11-11', 1, 12, 5, '2025-01-24 15:42:13', 106, '2025-01-24 15:42:13', 'Yokohama Animation Lab', '보는 타이츠 BD', '비오는 아침. 지기 시작한 벚꽃이 비를 맞고 떨어져 웅덩이에 떠 있다. 학생들의 형형색색의 우산이 고등학교 교문을 하나 둘 통과해 간다.\n\n"안녕, 렌"\n\n신발장 앞에서 젖은 타이즈를 보고 유아가 말한다. 우울하게 돌아보는 렌에 호미가 뛰어오르며 이야기 꽃을 피운다. 3명의 여학생의 대화가 새 학기가 왔음을 교실에 알린다.\n\n일러스트레이터 요무의 일러스트를 원안으로 하는 초단편 애니메이션인 \'미루 타이츠\'는 보는 \'타이츠\'라는 뜻을 가지고 있으며, 제목답게 타이츠 페티시를 주제로 다루는 애니메이션이다.', 'Y', 'Y');
INSERT INTO `product` (`del_flag`, `price`, `release_date`, `stock_number`, `total_episode`, `category_id`, `created_at`, `id`, `modified_at`, `manufacturer`, `name`, `story`, `adult`, `md_pick`) VALUES (b'0', 5500, '2022-11-11', 1, 34, 5, '2025-01-24 15:42:13', 107, '2025-01-24 15:42:13', 'Passione', '하이스쿨 DxD HERO (4기) BD', '새벽부터 유혹하는 아케노와 코앞으로 다가오는 코네코, 점점 적극적으로 변해가는 아시아, 그리고 그 셋과 맞서려는 리아스. 과격한 쟁탈전의 원인인 잇세이는 행복하고 에로에로한 라이프를 즐기고 있었다. 한편, 오컬트 연구부의 멤버들은 바알과의 레이팅 게임 및 잇세이 일행과의 수학여행을 대비해 차근차근 준비해 나간다. 수학여행지는 여러 신화 체계가 혼재하는 교토. 관광을 즐기려던 잇세이 일행이었지만 교토에 도착하자마자 여러 사건에 휘말리게 된다. 잇세이는 교토를 지키기 위해, 어느 \'가능성\'을 모색하는데.....', 'Y', 'Y');
INSERT INTO `product` (`del_flag`, `price`, `release_date`, `stock_number`, `total_episode`, `category_id`, `created_at`, `id`, `modified_at`, `manufacturer`, `name`, `story`, `adult`, `md_pick`) VALUES (b'0', 5500, '2022-11-11', 1, 12, 5, '2025-01-24 15:42:13', 108, '2025-01-24 15:42:13', 'Xebec', '유라기장의 유우나씨 ( BD.ver )', '육체파 영능력자 후유조라 코가라시. 악령에 쉽게 씌는 체질 때문에 큰 빚을 지게 된 그는 집세가 싼 방을 구하다 사연 있는 온천여관 유라기장에서 하숙을 하게 된다. 하지만 그곳에 나타난 것은 성불하지 못 한 여고생 지박령 유우나 씨를 비롯해 상식적으로는 말이 안 되는 미녀, 미소녀들. 온통 여성뿐인 유라기장 주민들의 입주 반대에도 불구하고 코가라시는 마침내 그곳에서 살기 시작하는데….', 'Y', 'Y');
INSERT INTO `product` (`del_flag`, `price`, `release_date`, `stock_number`, `total_episode`, `category_id`, `created_at`, `id`, `modified_at`, `manufacturer`, `name`, `story`, `adult`, `md_pick`) VALUES (b'0', 5500, '2022-11-11', 1, 8, 5, '2025-01-24 15:42:13', 109, '2025-01-24 15:42:13', 'GRIZZLY', '플레잉☆보이부', '모리모리 학원 사진부......\n......그 실태는?!\n\n산속의 전원 기숙사제 남학교에 전학 온 토노. 살갑게 말을 걸어준 야구치가 유일한 친구지만 공차기를 못하는 탓에 야구치가 있는 축구부가 아닌 가장 편해 보이는 사진부에 들어간다. 하지만 그곳은 사진부란 이름뿐인 개성적인 캐릭터의 선배들이 우글대는 통칭 「플레잉 보이부」였다!\n\n언뜻 천박하지만 서툴고 순수한 연애 사정이 돌고 도는 청춘 스토리.', 'Y', 'Y');
INSERT INTO `product` (`del_flag`, `price`, `release_date`, `stock_number`, `total_episode`, `category_id`, `created_at`, `id`, `modified_at`, `manufacturer`, `name`, `story`, `adult`, `md_pick`) VALUES (b'0', 5500, '2022-11-11', 1, 16, 5, '2025-01-24 15:42:13', 110, '2025-01-24 15:42:13', 'Silver Link.', '스노하라장의 관리인 씨 BD', '여성스러운 외모를 가진 소년 시이나 아키는 남자답게 살아가기로 결심하면서 중학교 입학을 계기로 상경하여 스노하라장에 입주하게 된다. 그리고 시이나 아키는 스노하라장의 관리를 맡고 있는 여성 스노하라 아야카와 스노하라장에 있는 학생회 멤버들을 만나 같이 생활하게 된다. 그런데…', 'Y', 'Y');
INSERT INTO `product` (`del_flag`, `price`, `release_date`, `stock_number`, `total_episode`, `category_id`, `created_at`, `id`, `modified_at`, `manufacturer`, `name`, `story`, `adult`, `md_pick`) VALUES (b'0', 5500, '2022-11-11', 1, 9, 5, '2025-01-24 15:42:14', 111, '2025-01-24 15:42:14', 'Suiseisha', '막차가 끊긴 뒤 캡슐 호텔에서 상사에게 미열을 전하는 밤', '막차가 끊긴 뒤 캡슐 호텔에서 상사에게 미열을 전하는 밤\n어느날 회식에서\n원수관계였던 상사 하다노와 말싸움끝에\n취해버려 막차를 놓쳐버린 미노리.\n근방의 캡슐호텔에 묵게 된 둘이었으나,\n사고로 같은 방에 자게 돼버리게 되는데...!?\n\n의식이 있을리 없다...\n그렇게 생각했으나, 미열이 전해지는 정도의 거리에서\n질끈 보여지는 이성의 얼굴에 두근거림이 멈추지 않은채...\n\n지금, 평범하지 않은 둘의 사랑이 움직인다.', 'Y', 'Y');
INSERT INTO `product` (`del_flag`, `price`, `release_date`, `stock_number`, `total_episode`, `category_id`, `created_at`, `id`, `modified_at`, `manufacturer`, `name`, `story`, `adult`, `md_pick`) VALUES (b'0', 5500, '2022-11-11', 1, 12, 5, '2025-01-24 15:42:14', 112, '2025-01-24 15:42:14', 'Ajia-Do', '이세계 마왕과 소환 소녀의 노예 마술 BD', '게임 내의 모습으로 이세계로 소환돼버린 디아블로는, "나야말로 소환주"라고 서로 주장하는 세라와 렘과 함께 게임과 흡사한 이세계에서의 나날을 보내고 있었다.\n엘프 왕국의 정예 부대와 싸우거나 마족과 싸우거나 부활한 마왕 크레브르 크룸을 따르거나....\n‘나는 디아블로다. 이세계의 마왕이다!’라고 마왕을 연기하며 강적과 맞서고 있는 디아블로는 때로는 미소녀들에게 농락당하면서도 확실한 신뢰관계를 구축하고 있다.\n그러던 어느날, 호수동쪽의 숲으로 나간 디아블로 일행은 엉망이된 한 소녀를 만난다.\n‘시, 신...., 입니까?’ 그것은 성기사에게 쫓기고 있는, 교회의 대주신관 루마키나였다!\n커뮤니케이션 능력 제로의 마왕이 절대적인 힘으로 돌진한다!\n이세계 마왕과 소환소녀들이 벌이는 ‘꿈이 가득한 이세계 모험담’, 재개!', 'Y', 'Y');
INSERT INTO `product` (`del_flag`, `price`, `release_date`, `stock_number`, `total_episode`, `category_id`, `created_at`, `id`, `modified_at`, `manufacturer`, `name`, `story`, `adult`, `md_pick`) VALUES (b'0', 5500, '2022-11-11', 1, 12, 5, '2025-01-24 15:42:14', 113, '2025-01-24 15:42:14', 'Bridge', '일곱 개의 미덕 BD', '세상에 마왕들의 일곱 가지 대죄가 만연하기 시작하고 이 상황을 타파하고자 일곱 개의 미덕을 갖춘 구세주 후보를 진정한 구세주로 만들기 위해 일곱 천사들을 보내며 펼쳐지는 이야기', 'Y', 'Y');


-- product image
INSERT INTO `product_image_list` (`ord`, `product_id`, `image_name`) VALUES (0, 1, 's_c8f9c26e-0f2c-4ab8-a3ab-7ee3701bf9bc-2dc86e2dd601a7ccd0f480ec5004aaf6.jpg');
INSERT INTO `product_image_list` (`ord`, `product_id`, `image_name`) VALUES (0, 2, 's_a8af656a-ac78-42af-b063-58cc8112880c-116693.jpg');
INSERT INTO `product_image_list` (`ord`, `product_id`, `image_name`) VALUES (0, 3, 's_30bd17ad-20a7-45e5-bdf6-3f9a8ae2fafe-109220.jpg');
INSERT INTO `product_image_list` (`ord`, `product_id`, `image_name`) VALUES (0, 4, 's_02363b10-4902-443c-846b-6bf6b99c9745-302855.jpg');
INSERT INTO `product_image_list` (`ord`, `product_id`, `image_name`) VALUES (0, 5, 's_8b57a920-d029-4c0f-9991-8c5e2eee5560-298937.jpg');
INSERT INTO `product_image_list` (`ord`, `product_id`, `image_name`) VALUES (0, 6, 's_83892a11-da80-4184-9e05-90d51b351a69-362046v2.jpg');
INSERT INTO `product_image_list` (`ord`, `product_id`, `image_name`) VALUES (0, 7, 's_011fe417-9b91-4ef3-b3c8-0dc6c955ce77-cBCb40cX8539PVKFXZ7N6aJlHsu.jpg');
INSERT INTO `product_image_list` (`ord`, `product_id`, `image_name`) VALUES (0, 8, 's_85ed8e07-dcc5-4e82-bc54-1bd901afeac5-367617.jpg');
INSERT INTO `product_image_list` (`ord`, `product_id`, `image_name`) VALUES (0, 9, 's_5b426836-e52a-4b03-8542-34755ccd06a6-368527v2.jpg');
INSERT INTO `product_image_list` (`ord`, `product_id`, `image_name`) VALUES (0, 10, 's_2d1dd253-f9ec-41a6-9cc6-83e2e225529e-378351.jpg');
INSERT INTO `product_image_list` (`ord`, `product_id`, `image_name`) VALUES (0, 11, 's_ba8820e3-0626-41f0-a42e-d539e9203e63-368119.jpg');
INSERT INTO `product_image_list` (`ord`, `product_id`, `image_name`) VALUES (0, 12, 's_eb25d8ce-f4f7-4101-96b2-c154fafd1c58-365904v3.jpg');
INSERT INTO `product_image_list` (`ord`, `product_id`, `image_name`) VALUES (0, 13, 's_9ef1768a-1008-4aad-8408-f5629ac11553-365904v3.jpg');
INSERT INTO `product_image_list` (`ord`, `product_id`, `image_name`) VALUES (0, 14, 's_1f8aeec7-4f1a-4b7b-886e-590f9363e096-P001765053.jpg');
INSERT INTO `product_image_list` (`ord`, `product_id`, `image_name`) VALUES (0, 15, 's_9d1ddab0-b088-4f47-b8ab-c351786883bd-1892cf2bdb6352d42.jpg');
INSERT INTO `product_image_list` (`ord`, `product_id`, `image_name`) VALUES (0, 16, 's_03bc42be-c93b-4d6c-98da-586c9c366d31-148973.jpg');
INSERT INTO `product_image_list` (`ord`, `product_id`, `image_name`) VALUES (0, 17, 's_8f082a76-72d6-4916-b60d-1a85193fc550-106264.jpg');
INSERT INTO `product_image_list` (`ord`, `product_id`, `image_name`) VALUES (0, 18, 's_67754457-8d83-4b59-95a4-47e0fc7729df-355475.jpg');
INSERT INTO `product_image_list` (`ord`, `product_id`, `image_name`) VALUES (0, 19, 's_6329b57f-aac3-40b1-93fe-1ee8d0ff4596-18761.jpg');
INSERT INTO `product_image_list` (`ord`, `product_id`, `image_name`) VALUES (0, 20, 's_2582fd31-f5dc-4d7d-9c5e-3c8e34053c04-240005v2.jpg');
INSERT INTO `product_image_list` (`ord`, `product_id`, `image_name`) VALUES (0, 21, 's_42f476f8-9e08-4b55-aeb4-e04521d18291-365904v3.jpg');
INSERT INTO `product_image_list` (`ord`, `product_id`, `image_name`) VALUES (0, 22, 's_812db0bc-1f85-4971-b5f0-0c6098e03bd4-237872.jpg');
INSERT INTO `product_image_list` (`ord`, `product_id`, `image_name`) VALUES (0, 23, 's_b1ff22c1-9649-4ed9-81ee-126e7676b953-365904v3.jpg');
INSERT INTO `product_image_list` (`ord`, `product_id`, `image_name`) VALUES (0, 24, 's_e7cdcf05-096f-4b53-a146-0c6ae158ce9c-241082.jpg');
INSERT INTO `product_image_list` (`ord`, `product_id`, `image_name`) VALUES (0, 25, 's_40270c45-5991-4e37-b35c-112e93e75534-361972v2.jpg');
INSERT INTO `product_image_list` (`ord`, `product_id`, `image_name`) VALUES (0, 26, 's_49b5197a-12f9-4592-b603-33d896098d1d-365416v2.jpg');
INSERT INTO `product_image_list` (`ord`, `product_id`, `image_name`) VALUES (0, 27, 's_37e180dd-4ef2-4daa-9088-4bb2b2e80882-355015.jpg');
INSERT INTO `product_image_list` (`ord`, `product_id`, `image_name`) VALUES (0, 28, 's_ff9a50ed-3622-4625-acf9-107c816f9a8c-351760v2.jpg');
INSERT INTO `product_image_list` (`ord`, `product_id`, `image_name`) VALUES (0, 29, 's_f921d029-9348-4800-b41a-e9ce4f2c382e-342955v2.jpg');
INSERT INTO `product_image_list` (`ord`, `product_id`, `image_name`) VALUES (0, 30, 's_ce99777a-7239-45b3-9ce5-e0bfcecbe291-315196.jpg');
INSERT INTO `product_image_list` (`ord`, `product_id`, `image_name`) VALUES (0, 31, 's_a6e1cb4f-83c7-4a14-9ac0-733e9ad78272-352638.jpg');
INSERT INTO `product_image_list` (`ord`, `product_id`, `image_name`) VALUES (0, 32, 's_553c2148-c9a7-4b28-8288-6b8d625a4118-345863.jpg');
INSERT INTO `product_image_list` (`ord`, `product_id`, `image_name`) VALUES (0, 33, 's_c9574582-1ec5-4b59-91b7-54635a330891-4c2d527d834f42f32b38ca963f6f6ba20d7f440abc8ff5501db2ed7eab25.jpg');
INSERT INTO `product_image_list` (`ord`, `product_id`, `image_name`) VALUES (0, 34, 's_7703e115-1d6d-48be-9bbf-0e2c7cf64a67-366567.jpg');
INSERT INTO `product_image_list` (`ord`, `product_id`, `image_name`) VALUES (0, 35, 's_44cd0580-3438-412b-b342-3b668042023c-389249.jpg');
INSERT INTO `product_image_list` (`ord`, `product_id`, `image_name`) VALUES (0, 36, 's_d96f0ff4-270e-4330-bb13-4b116ed24043-302833.jpg');
INSERT INTO `product_image_list` (`ord`, `product_id`, `image_name`) VALUES (0, 37, 's_fbd26fa9-058f-4688-bd3d-135bfff4b715-384283v2.jpg');
INSERT INTO `product_image_list` (`ord`, `product_id`, `image_name`) VALUES (0, 38, 's_4711a76e-e6fb-400f-b7a9-2d3261d004e9-354776v2.jpg');
INSERT INTO `product_image_list` (`ord`, `product_id`, `image_name`) VALUES (0, 39, 's_fdcf3d44-ceb0-4165-b7ea-2af044b7f338-365780.jpg');
INSERT INTO `product_image_list` (`ord`, `product_id`, `image_name`) VALUES (0, 40, 's_92a9b7e5-0ce6-4834-9d46-46302d021475-P001766409.jpg');
INSERT INTO `product_image_list` (`ord`, `product_id`, `image_name`) VALUES (0, 41, 's_8399c350-5d9d-4f4d-8f4b-0e1eb7c7e1d7-cf8006721d5a56ab39ec1586d0d3958b.jpg');
INSERT INTO `product_image_list` (`ord`, `product_id`, `image_name`) VALUES (0, 42, 's_bca94824-10a6-4ee7-8b4e-8c38866fbbeb-maxresdefault.jpg');
INSERT INTO `product_image_list` (`ord`, `product_id`, `image_name`) VALUES (0, 43, 's_8fbca0b5-8811-4efb-9365-42e5ed12d16c-18ec4d1f48c54ddd5.jpg');
INSERT INTO `product_image_list` (`ord`, `product_id`, `image_name`) VALUES (0, 44, 's_c1ed7656-d718-49e1-9a67-8440149dcbe8-456e3-17361921870676-1920-768x432.jpg');
INSERT INTO `product_image_list` (`ord`, `product_id`, `image_name`) VALUES (0, 45, 's_ac9a7853-ec80-4166-b451-096ebd9f624a-maxresdefault.jpg');
INSERT INTO `product_image_list` (`ord`, `product_id`, `image_name`) VALUES (0, 46, 's_fb62d6c6-05c9-49c0-87de-b27b9f2f5e63-EFBFBDEFBFBDEFBFBDC7BDEFBFBD_717C8AD_EFBFBDEFBFBD002.jpg');
INSERT INTO `product_image_list` (`ord`, `product_id`, `image_name`) VALUES (0, 47, 's_c6e676b7-8266-4d9d-82bb-fc3b87cbc440-dfd8b50bc821a12a3cef41184f6a4d614eea59e36c230380f1e411e2107445ea.jpg');
INSERT INTO `product_image_list` (`ord`, `product_id`, `image_name`) VALUES (0, 48, 's_0ec4d171-53e6-49e9-90b2-5bd54ed064e0-19895_sns.jpg');
INSERT INTO `product_image_list` (`ord`, `product_id`, `image_name`) VALUES (0, 49, 's_d2854610-fc35-4490-874d-f109987961cd-227526.jpg');
INSERT INTO `product_image_list` (`ord`, `product_id`, `image_name`) VALUES (0, 50, 's_593642a8-93e6-423e-93f4-56bcfb1ff32d-227529.jpg');
INSERT INTO `product_image_list` (`ord`, `product_id`, `image_name`) VALUES (0, 52, 's_88096a97-5e47-4ec9-a2f0-b66080edeba9-365904v3.jpg');
INSERT INTO `product_image_list` (`ord`, `product_id`, `image_name`) VALUES (0, 53, 's_a4450468-c743-48a1-a0c0-702f7b886fb7-341858.jpg');
INSERT INTO `product_image_list` (`ord`, `product_id`, `image_name`) VALUES (0, 54, 's_648be9a5-3001-4e41-a029-2deef9d79e89-346500.jpg');
INSERT INTO `product_image_list` (`ord`, `product_id`, `image_name`) VALUES (0, 55, 's_8b09a21d-bc37-4119-a354-eeabc40ab80a-345899.jpg');
INSERT INTO `product_image_list` (`ord`, `product_id`, `image_name`) VALUES (0, 56, 's_6bf426ac-0e75-4c3a-a125-29f5190eb875-349955.jpg');
INSERT INTO `product_image_list` (`ord`, `product_id`, `image_name`) VALUES (0, 57, 's_93f63c7c-b392-4c49-86b7-91efc8fe2b86-365904v3.jpg');
INSERT INTO `product_image_list` (`ord`, `product_id`, `image_name`) VALUES (0, 58, 's_66c4e0bc-2dd7-44da-ac1a-0dd8cee6ae61-361254v3.jpg');
INSERT INTO `product_image_list` (`ord`, `product_id`, `image_name`) VALUES (0, 59, 's_6d8c582f-4f6c-4531-8c71-847a89babf37-363619.jpg');
INSERT INTO `product_image_list` (`ord`, `product_id`, `image_name`) VALUES (0, 60, 's_197755c1-dbd4-4748-9664-4777ae4bebf8-381598.jpg');
INSERT INTO `product_image_list` (`ord`, `product_id`, `image_name`) VALUES (0, 61, 's_049b745a-ffef-416b-8ea5-4076bd15a941-362294v3.jpg');
INSERT INTO `product_image_list` (`ord`, `product_id`, `image_name`) VALUES (0, 62, 's_25da192a-30ba-47a8-a87e-4a6bd1383b1a-362326.jpg');
INSERT INTO `product_image_list` (`ord`, `product_id`, `image_name`) VALUES (0, 63, 's_90f7a966-5338-47d8-8a47-ce0768a6e70f-MV5BMjdhMjQ3MjItY2UyMC00ZDM2LThlNjYtYjk1MTU1NjcxN2NkXkEyXkFqcGc@._V1_.jpg');
INSERT INTO `product_image_list` (`ord`, `product_id`, `image_name`) VALUES (0, 64, 's_84f9d151-968d-4453-837d-1f48e21ca540-1200x675.jpg');
INSERT INTO `product_image_list` (`ord`, `product_id`, `image_name`) VALUES (0, 65, 's_918b60fc-c1ab-4792-8d83-9d07c7a7d3eb-loading.gif');
INSERT INTO `product_image_list` (`ord`, `product_id`, `image_name`) VALUES (0, 66, 's_e2ad997d-c924-45af-ab61-0f8ad159c9b5-363629v2.jpg');
INSERT INTO `product_image_list` (`ord`, `product_id`, `image_name`) VALUES (0, 67, 's_b1549768-07bf-4530-95d5-2fa47192e277-346500.jpg');
INSERT INTO `product_image_list` (`ord`, `product_id`, `image_name`) VALUES (0, 68, 's_d1779096-0a81-4252-956d-018132ff5bf2-341806.jpg');
INSERT INTO `product_image_list` (`ord`, `product_id`, `image_name`) VALUES (0, 69, 's_e898ed6b-9779-4ee2-857b-9d90c64406c0-306259.jpg');
INSERT INTO `product_image_list` (`ord`, `product_id`, `image_name`) VALUES (0, 70, 's_2097dbf6-3429-4996-9e27-308811788049-pdgB2iUCmv34q0EbHNLD2MeoGUu.jpg');
INSERT INTO `product_image_list` (`ord`, `product_id`, `image_name`) VALUES (0, 71, 's_a4b846a9-c267-412d-af20-e93b40d08585-M000368868.jpg');
INSERT INTO `product_image_list` (`ord`, `product_id`, `image_name`) VALUES (0, 72, 's_0fc9f0df-99a8-4cc0-8ae1-2370cd2e2017-367443v4.jpg');
INSERT INTO `product_image_list` (`ord`, `product_id`, `image_name`) VALUES (0, 73, 's_c81219d5-10ef-4cbc-ab43-ccead6cabfe7-1200x675.jpg');
INSERT INTO `product_image_list` (`ord`, `product_id`, `image_name`) VALUES (0, 74, 's_c5a0aee0-c086-4f84-8bd7-1ff71779224b-363492v2.jpg');
INSERT INTO `product_image_list` (`ord`, `product_id`, `image_name`) VALUES (0, 75, 's_3678444f-e1bc-4737-9ade-b9531a5fe90c-367398v2.jpg');
INSERT INTO `product_image_list` (`ord`, `product_id`, `image_name`) VALUES (0, 76, 's_92fbd27c-f3bd-422e-a424-dfd4560b929d-367476v2.jpg');
INSERT INTO `product_image_list` (`ord`, `product_id`, `image_name`) VALUES (0, 77, 's_e76eee76-91ba-4afa-95bd-1abb8da32f5d-367375v2.jpg');
INSERT INTO `product_image_list` (`ord`, `product_id`, `image_name`) VALUES (0, 78, 's_a41e2a5c-4353-49d5-b70d-6f256b145554-365904v3.jpg');
INSERT INTO `product_image_list` (`ord`, `product_id`, `image_name`) VALUES (0, 79, 's_ac3e04e7-f498-48db-a9c3-f5d5fa179e5f-355382v3.jpg');
INSERT INTO `product_image_list` (`ord`, `product_id`, `image_name`) VALUES (0, 80, 's_f723d6d5-2acc-4ae3-b6a2-217e5c4600c9-367771v3.jpg');
INSERT INTO `product_image_list` (`ord`, `product_id`, `image_name`) VALUES (0, 81, 's_f3559db9-c2a6-49f7-b880-5dd729e9e0b7-363428v2.jpg');
INSERT INTO `product_image_list` (`ord`, `product_id`, `image_name`) VALUES (0, 82, 's_58251454-d264-433d-b796-41ac1db094db-7869397920_494354581_2319e792d538a05c0acdbaf6db3cac44.png');
INSERT INTO `product_image_list` (`ord`, `product_id`, `image_name`) VALUES (0, 83, 's_b98cb86b-fa65-4f0c-bc08-c16e81cc8521-maxresdefault.jpg');
INSERT INTO `product_image_list` (`ord`, `product_id`, `image_name`) VALUES (0, 84, 's_3a20f069-7b88-4807-9849-57e0aa052a3d-Isekai_Futoku_no_Guild_(Immoral_Guild)_-_11_(BD_1920x1080p_FLAC).mkv_snapsho.jpg');
INSERT INTO `product_image_list` (`ord`, `product_id`, `image_name`) VALUES (0, 85, 's_6a0d172b-d557-437c-af32-fc5c19adf5fd-360299v4.jpg');
INSERT INTO `product_image_list` (`ord`, `product_id`, `image_name`) VALUES (0, 86, 's_a2aa700f-9187-487c-a55c-91ae8af105e6-maxresdefault.jpg');
INSERT INTO `product_image_list` (`ord`, `product_id`, `image_name`) VALUES (0, 87, 's_fcd62aab-499c-4e82-a55f-a3ffdee22086-357736v3.jpg');
INSERT INTO `product_image_list` (`ord`, `product_id`, `image_name`) VALUES (0, 88, 's_0d6422e6-5003-4a7c-842f-3123ac3c878e-348055v3.jpg');
INSERT INTO `product_image_list` (`ord`, `product_id`, `image_name`) VALUES (0, 89, 's_77c5108b-18c8-46b6-a075-1a73e3694e05-mhhh-compressed.jpg');
INSERT INTO `product_image_list` (`ord`, `product_id`, `image_name`) VALUES (0, 90, 's_9f055b11-45fd-4314-b98e-1f0436c6bd08-dd.jpg');
INSERT INTO `product_image_list` (`ord`, `product_id`, `image_name`) VALUES (0, 91, 's_946ef5f5-3a7f-4ccc-bd66-2eeb18c336d2-227552.jpg');
INSERT INTO `product_image_list` (`ord`, `product_id`, `image_name`) VALUES (0, 92, 's_d324d503-5c1f-421f-8f40-23e1e9068ebb-311028.jpg');
INSERT INTO `product_image_list` (`ord`, `product_id`, `image_name`) VALUES (0, 93, 's_2ba3608a-8294-40a9-b2e3-f48dc4701171-281434.jpg');
INSERT INTO `product_image_list` (`ord`, `product_id`, `image_name`) VALUES (0, 94, 's_200879a5-bdcf-47b0-bd8a-9d7e21021c29-240007.jpg');
INSERT INTO `product_image_list` (`ord`, `product_id`, `image_name`) VALUES (0, 95, 's_b53f12b8-ac59-4ae7-8151-6841c40a928d-3e8e15d703cd62aeddb0751c20f75f9f.jpg');
INSERT INTO `product_image_list` (`ord`, `product_id`, `image_name`) VALUES (0, 96, 's_0db01308-6553-42e5-9af5-10d970a4b21b-jll.png');
INSERT INTO `product_image_list` (`ord`, `product_id`, `image_name`) VALUES (0, 97, 's_67bbbde9-d018-40bf-9624-7d268491f72b-292329v2.jpg');
INSERT INTO `product_image_list` (`ord`, `product_id`, `image_name`) VALUES (0, 98, 's_82c95f11-6e3f-4690-b388-f9bc77964e9b-293393.jpg');
INSERT INTO `product_image_list` (`ord`, `product_id`, `image_name`) VALUES (0, 99, 's_32265648-daf7-4c49-900f-62bec4262602-109297.jpg');
INSERT INTO `product_image_list` (`ord`, `product_id`, `image_name`) VALUES (0, 100, 's_7296e886-a68d-45d6-9055-2b965663a80a-206148.jpg');
INSERT INTO `product_image_list` (`ord`, `product_id`, `image_name`) VALUES (0, 101, 's_d7da12dc-ddf0-41ac-ad42-67af64040fdc-vs-compressed.jpg');
INSERT INTO `product_image_list` (`ord`, `product_id`, `image_name`) VALUES (0, 102, 's_6400d8a7-7e27-4648-9dbc-2886872c6648-292541.jpg');
INSERT INTO `product_image_list` (`ord`, `product_id`, `image_name`) VALUES (0, 103, 's_20a304c9-e715-4526-ac0a-2f5a156d0940-sa.jpg');
INSERT INTO `product_image_list` (`ord`, `product_id`, `image_name`) VALUES (0, 104, 's_f2ec1455-7840-4bd2-8fdd-8ad1bacba2f7-341834v2.jpg');
INSERT INTO `product_image_list` (`ord`, `product_id`, `image_name`) VALUES (0, 105, 's_cff9e09a-0a04-40f5-82a0-53529da06e9f-206681.jpg');
INSERT INTO `product_image_list` (`ord`, `product_id`, `image_name`) VALUES (0, 106, 's_7d5e99a8-6c4a-45d9-b60f-120ac4d37a1d-141967.jpg');
INSERT INTO `product_image_list` (`ord`, `product_id`, `image_name`) VALUES (0, 107, 's_ec5c7885-3d09-4504-ae4b-b69651de4b26-21776.jpg');
INSERT INTO `product_image_list` (`ord`, `product_id`, `image_name`) VALUES (0, 108, 's_6460a3a1-5e23-49ce-8bee-ce15e773dfaf-292545.jpg');
INSERT INTO `product_image_list` (`ord`, `product_id`, `image_name`) VALUES (0, 109, 's_52044141-51ef-4692-8392-20ba1625613e-770744863226282f4_w.jpg');
INSERT INTO `product_image_list` (`ord`, `product_id`, `image_name`) VALUES (0, 110, 's_d53df2d9-8431-4a46-8917-3f04c5f389eb-32133v2.jpg');
INSERT INTO `product_image_list` (`ord`, `product_id`, `image_name`) VALUES (0, 111, 's_75e84867-67fc-4b00-88d9-b95d9b69a3a1-1-compressed.jpg');
INSERT INTO `product_image_list` (`ord`, `product_id`, `image_name`) VALUES (0, 112, 's_f2742b2d-01fc-439b-8322-81b7920a1662-31871.jpg');
INSERT INTO `product_image_list` (`ord`, `product_id`, `image_name`) VALUES (0, 113, 's_c5b0a79e-b2ec-4d3f-a4a5-27e3486e970e-21816.jpg');


-- tag
INSERT INTO `tag` (`created_at`, `id`, `modified_at`, `name`) VALUES ('2025-01-24 15:41:48', 1, '2025-01-24 15:41:48', 'Action');
INSERT INTO `tag` (`created_at`, `id`, `modified_at`, `name`) VALUES ('2025-01-24 15:41:48', 2, '2025-01-24 15:41:48', 'Fantasy');
INSERT INTO `tag` (`created_at`, `id`, `modified_at`, `name`) VALUES ('2025-01-24 15:41:48', 3, '2025-01-24 15:41:48', 'Historical');
INSERT INTO `tag` (`created_at`, `id`, `modified_at`, `name`) VALUES ('2025-01-24 15:41:48', 4, '2025-01-24 15:41:48', 'Sci-Fi');
INSERT INTO `tag` (`created_at`, `id`, `modified_at`, `name`) VALUES ('2025-01-24 15:41:48', 5, '2025-01-24 15:41:48', 'Mecha');
INSERT INTO `tag` (`created_at`, `id`, `modified_at`, `name`) VALUES ('2025-01-24 15:41:49', 6, '2025-01-24 15:41:49', 'Video Game');
INSERT INTO `tag` (`created_at`, `id`, `modified_at`, `name`) VALUES ('2025-01-24 15:41:49', 7, '2025-01-24 15:41:49', 'CN Animation');
INSERT INTO `tag` (`created_at`, `id`, `modified_at`, `name`) VALUES ('2025-01-24 15:41:49', 8, '2025-01-24 15:41:49', 'Adventure');
INSERT INTO `tag` (`created_at`, `id`, `modified_at`, `name`) VALUES ('2025-01-24 15:41:50', 9, '2025-01-24 15:41:50', 'Samurai');
INSERT INTO `tag` (`created_at`, `id`, `modified_at`, `name`) VALUES ('2025-01-24 15:41:50', 10, '2025-01-24 15:41:50', 'Comedy');
INSERT INTO `tag` (`created_at`, `id`, `modified_at`, `name`) VALUES ('2025-01-24 15:41:50', 11, '2025-01-24 15:41:50', 'Ecchi');
INSERT INTO `tag` (`created_at`, `id`, `modified_at`, `name`) VALUES ('2025-01-24 15:41:50', 12, '2025-01-24 15:41:50', 'Adult Cast');
INSERT INTO `tag` (`created_at`, `id`, `modified_at`, `name`) VALUES ('2025-01-24 15:41:51', 13, '2025-01-24 15:41:51', 'Drama');
INSERT INTO `tag` (`created_at`, `id`, `modified_at`, `name`) VALUES ('2025-01-24 15:41:51', 14, '2025-01-24 15:41:51', 'Kids');
INSERT INTO `tag` (`created_at`, `id`, `modified_at`, `name`) VALUES ('2025-01-24 15:41:51', 15, '2025-01-24 15:41:51', 'Mythology');
INSERT INTO `tag` (`created_at`, `id`, `modified_at`, `name`) VALUES ('2025-01-24 15:41:52', 16, '2025-01-24 15:41:52', 'Mahou Shoujo');
INSERT INTO `tag` (`created_at`, `id`, `modified_at`, `name`) VALUES ('2025-01-24 15:41:53', 17, '2025-01-24 15:41:53', 'Mystery');
INSERT INTO `tag` (`created_at`, `id`, `modified_at`, `name`) VALUES ('2025-01-24 15:41:53', 18, '2025-01-24 15:41:53', 'Supernatural ');
INSERT INTO `tag` (`created_at`, `id`, `modified_at`, `name`) VALUES ('2025-01-24 15:41:55', 19, '2025-01-24 15:41:55', 'Adventure+C10');
INSERT INTO `tag` (`created_at`, `id`, `modified_at`, `name`) VALUES ('2025-01-24 15:41:57', 20, '2025-01-24 15:41:57', 'Supernatural');
INSERT INTO `tag` (`created_at`, `id`, `modified_at`, `name`) VALUES ('2025-01-24 15:41:57', 21, '2025-01-24 15:41:57', 'Medical');
INSERT INTO `tag` (`created_at`, `id`, `modified_at`, `name`) VALUES ('2025-01-24 15:41:58', 22, '2025-01-24 15:41:58', 'Isekai');
INSERT INTO `tag` (`created_at`, `id`, `modified_at`, `name`) VALUES ('2025-01-24 15:41:58', 23, '2025-01-24 15:41:58', 'Reincarnation');
INSERT INTO `tag` (`created_at`, `id`, `modified_at`, `name`) VALUES ('2025-01-24 15:41:58', 24, '2025-01-24 15:41:58', 'Romance');
INSERT INTO `tag` (`created_at`, `id`, `modified_at`, `name`) VALUES ('2025-01-24 15:41:59', 25, '2025-01-24 15:41:59', 'G5+H6Adventure');
INSERT INTO `tag` (`created_at`, `id`, `modified_at`, `name`) VALUES ('2025-01-24 15:42:04', 26, '2025-01-24 15:42:04', 'Psychological');
INSERT INTO `tag` (`created_at`, `id`, `modified_at`, `name`) VALUES ('2025-01-24 15:42:05', 27, '2025-01-24 15:42:05', 'Music');
INSERT INTO `tag` (`created_at`, `id`, `modified_at`, `name`) VALUES ('2025-01-24 15:42:07', 28, '2025-01-24 15:42:07', 'Slice of Life');
INSERT INTO `tag` (`created_at`, `id`, `modified_at`, `name`) VALUES ('2025-01-24 15:42:09', 29, '2025-01-24 15:42:09', 'Erotica');
INSERT INTO `tag` (`created_at`, `id`, `modified_at`, `name`) VALUES ('2025-01-24 15:42:10', 30, '2025-01-24 15:42:10', 'Horror');
INSERT INTO `tag` (`created_at`, `id`, `modified_at`, `name`) VALUES ('2025-01-24 15:42:10', 31, '2025-01-24 15:42:10', 'Suspense');
INSERT INTO `tag` (`created_at`, `id`, `modified_at`, `name`) VALUES ('2025-01-24 15:42:13', 32, '2025-01-24 15:42:13', 'Miru Tights');


-- product_tag
INSERT INTO `product_tag` (`id`, `product_id`, `tag_id`) VALUES (1, 1, 1);
INSERT INTO `product_tag` (`id`, `product_id`, `tag_id`) VALUES (2, 1, 2);
INSERT INTO `product_tag` (`id`, `product_id`, `tag_id`) VALUES (3, 1, 3);
INSERT INTO `product_tag` (`id`, `product_id`, `tag_id`) VALUES (4, 2, 1);
INSERT INTO `product_tag` (`id`, `product_id`, `tag_id`) VALUES (5, 2, 4);
INSERT INTO `product_tag` (`id`, `product_id`, `tag_id`) VALUES (6, 2, 5);
INSERT INTO `product_tag` (`id`, `product_id`, `tag_id`) VALUES (7, 3, 1);
INSERT INTO `product_tag` (`id`, `product_id`, `tag_id`) VALUES (8, 3, 6);
INSERT INTO `product_tag` (`id`, `product_id`, `tag_id`) VALUES (9, 3, 7);
INSERT INTO `product_tag` (`id`, `product_id`, `tag_id`) VALUES (10, 4, 1);
INSERT INTO `product_tag` (`id`, `product_id`, `tag_id`) VALUES (11, 4, 8);
INSERT INTO `product_tag` (`id`, `product_id`, `tag_id`) VALUES (12, 4, 2);
INSERT INTO `product_tag` (`id`, `product_id`, `tag_id`) VALUES (13, 5, 1);
INSERT INTO `product_tag` (`id`, `product_id`, `tag_id`) VALUES (14, 5, 4);
INSERT INTO `product_tag` (`id`, `product_id`, `tag_id`) VALUES (15, 5, 2);
INSERT INTO `product_tag` (`id`, `product_id`, `tag_id`) VALUES (16, 6, 1);
INSERT INTO `product_tag` (`id`, `product_id`, `tag_id`) VALUES (17, 6, 3);
INSERT INTO `product_tag` (`id`, `product_id`, `tag_id`) VALUES (18, 6, 9);
INSERT INTO `product_tag` (`id`, `product_id`, `tag_id`) VALUES (19, 7, 1);
INSERT INTO `product_tag` (`id`, `product_id`, `tag_id`) VALUES (20, 7, 10);
INSERT INTO `product_tag` (`id`, `product_id`, `tag_id`) VALUES (21, 7, 11);
INSERT INTO `product_tag` (`id`, `product_id`, `tag_id`) VALUES (22, 8, 1);
INSERT INTO `product_tag` (`id`, `product_id`, `tag_id`) VALUES (23, 8, 8);
INSERT INTO `product_tag` (`id`, `product_id`, `tag_id`) VALUES (24, 8, 12);
INSERT INTO `product_tag` (`id`, `product_id`, `tag_id`) VALUES (25, 9, 1);
INSERT INTO `product_tag` (`id`, `product_id`, `tag_id`) VALUES (26, 9, 13);
INSERT INTO `product_tag` (`id`, `product_id`, `tag_id`) VALUES (27, 9, 2);
INSERT INTO `product_tag` (`id`, `product_id`, `tag_id`) VALUES (28, 10, 14);
INSERT INTO `product_tag` (`id`, `product_id`, `tag_id`) VALUES (29, 10, 1);
INSERT INTO `product_tag` (`id`, `product_id`, `tag_id`) VALUES (30, 10, 8);
INSERT INTO `product_tag` (`id`, `product_id`, `tag_id`) VALUES (31, 11, 1);
INSERT INTO `product_tag` (`id`, `product_id`, `tag_id`) VALUES (32, 11, 2);
INSERT INTO `product_tag` (`id`, `product_id`, `tag_id`) VALUES (33, 11, 4);
INSERT INTO `product_tag` (`id`, `product_id`, `tag_id`) VALUES (34, 12, 1);
INSERT INTO `product_tag` (`id`, `product_id`, `tag_id`) VALUES (35, 12, 2);
INSERT INTO `product_tag` (`id`, `product_id`, `tag_id`) VALUES (36, 12, 15);
INSERT INTO `product_tag` (`id`, `product_id`, `tag_id`) VALUES (37, 13, 1);
INSERT INTO `product_tag` (`id`, `product_id`, `tag_id`) VALUES (38, 13, 8);
INSERT INTO `product_tag` (`id`, `product_id`, `tag_id`) VALUES (39, 13, 2);
INSERT INTO `product_tag` (`id`, `product_id`, `tag_id`) VALUES (40, 14, 1);
INSERT INTO `product_tag` (`id`, `product_id`, `tag_id`) VALUES (41, 14, 2);
INSERT INTO `product_tag` (`id`, `product_id`, `tag_id`) VALUES (42, 14, 16);
INSERT INTO `product_tag` (`id`, `product_id`, `tag_id`) VALUES (43, 15, 1);
INSERT INTO `product_tag` (`id`, `product_id`, `tag_id`) VALUES (44, 15, 3);
INSERT INTO `product_tag` (`id`, `product_id`, `tag_id`) VALUES (45, 15, 9);
INSERT INTO `product_tag` (`id`, `product_id`, `tag_id`) VALUES (46, 16, 1);
INSERT INTO `product_tag` (`id`, `product_id`, `tag_id`) VALUES (47, 16, 8);
INSERT INTO `product_tag` (`id`, `product_id`, `tag_id`) VALUES (48, 16, 2);
INSERT INTO `product_tag` (`id`, `product_id`, `tag_id`) VALUES (49, 17, 1);
INSERT INTO `product_tag` (`id`, `product_id`, `tag_id`) VALUES (50, 17, 8);
INSERT INTO `product_tag` (`id`, `product_id`, `tag_id`) VALUES (51, 17, 13);
INSERT INTO `product_tag` (`id`, `product_id`, `tag_id`) VALUES (52, 18, 1);
INSERT INTO `product_tag` (`id`, `product_id`, `tag_id`) VALUES (53, 18, 13);
INSERT INTO `product_tag` (`id`, `product_id`, `tag_id`) VALUES (54, 18, 4);
INSERT INTO `product_tag` (`id`, `product_id`, `tag_id`) VALUES (55, 19, 1);
INSERT INTO `product_tag` (`id`, `product_id`, `tag_id`) VALUES (56, 19, 17);
INSERT INTO `product_tag` (`id`, `product_id`, `tag_id`) VALUES (57, 19, 18);
INSERT INTO `product_tag` (`id`, `product_id`, `tag_id`) VALUES (58, 20, 1);
INSERT INTO `product_tag` (`id`, `product_id`, `tag_id`) VALUES (59, 20, 11);
INSERT INTO `product_tag` (`id`, `product_id`, `tag_id`) VALUES (60, 20, 17);
INSERT INTO `product_tag` (`id`, `product_id`, `tag_id`) VALUES (61, 21, 1);
INSERT INTO `product_tag` (`id`, `product_id`, `tag_id`) VALUES (62, 21, 17);
INSERT INTO `product_tag` (`id`, `product_id`, `tag_id`) VALUES (63, 21, 4);
INSERT INTO `product_tag` (`id`, `product_id`, `tag_id`) VALUES (64, 22, 8);
INSERT INTO `product_tag` (`id`, `product_id`, `tag_id`) VALUES (65, 22, 13);
INSERT INTO `product_tag` (`id`, `product_id`, `tag_id`) VALUES (66, 22, 2);
INSERT INTO `product_tag` (`id`, `product_id`, `tag_id`) VALUES (67, 23, 1);
INSERT INTO `product_tag` (`id`, `product_id`, `tag_id`) VALUES (68, 23, 8);
INSERT INTO `product_tag` (`id`, `product_id`, `tag_id`) VALUES (69, 23, 10);
INSERT INTO `product_tag` (`id`, `product_id`, `tag_id`) VALUES (70, 24, 1);
INSERT INTO `product_tag` (`id`, `product_id`, `tag_id`) VALUES (71, 24, 8);
INSERT INTO `product_tag` (`id`, `product_id`, `tag_id`) VALUES (72, 24, 13);
INSERT INTO `product_tag` (`id`, `product_id`, `tag_id`) VALUES (73, 25, 17);
INSERT INTO `product_tag` (`id`, `product_id`, `tag_id`) VALUES (74, 25, 4);
INSERT INTO `product_tag` (`id`, `product_id`, `tag_id`) VALUES (75, 25, 8);
INSERT INTO `product_tag` (`id`, `product_id`, `tag_id`) VALUES (76, 26, 13);
INSERT INTO `product_tag` (`id`, `product_id`, `tag_id`) VALUES (77, 26, 2);
INSERT INTO `product_tag` (`id`, `product_id`, `tag_id`) VALUES (78, 26, 17);
INSERT INTO `product_tag` (`id`, `product_id`, `tag_id`) VALUES (79, 27, 1);
INSERT INTO `product_tag` (`id`, `product_id`, `tag_id`) VALUES (80, 27, 13);
INSERT INTO `product_tag` (`id`, `product_id`, `tag_id`) VALUES (81, 27, 17);
INSERT INTO `product_tag` (`id`, `product_id`, `tag_id`) VALUES (82, 28, 1);
INSERT INTO `product_tag` (`id`, `product_id`, `tag_id`) VALUES (83, 28, 13);
INSERT INTO `product_tag` (`id`, `product_id`, `tag_id`) VALUES (84, 28, 17);
INSERT INTO `product_tag` (`id`, `product_id`, `tag_id`) VALUES (85, 29, 1);
INSERT INTO `product_tag` (`id`, `product_id`, `tag_id`) VALUES (86, 29, 19);
INSERT INTO `product_tag` (`id`, `product_id`, `tag_id`) VALUES (87, 29, 10);
INSERT INTO `product_tag` (`id`, `product_id`, `tag_id`) VALUES (88, 30, 1);
INSERT INTO `product_tag` (`id`, `product_id`, `tag_id`) VALUES (89, 30, 8);
INSERT INTO `product_tag` (`id`, `product_id`, `tag_id`) VALUES (90, 30, 10);
INSERT INTO `product_tag` (`id`, `product_id`, `tag_id`) VALUES (91, 31, 1);
INSERT INTO `product_tag` (`id`, `product_id`, `tag_id`) VALUES (92, 31, 10);
INSERT INTO `product_tag` (`id`, `product_id`, `tag_id`) VALUES (93, 31, 13);
INSERT INTO `product_tag` (`id`, `product_id`, `tag_id`) VALUES (94, 32, 13);
INSERT INTO `product_tag` (`id`, `product_id`, `tag_id`) VALUES (95, 32, 17);
INSERT INTO `product_tag` (`id`, `product_id`, `tag_id`) VALUES (96, 32, 4);
INSERT INTO `product_tag` (`id`, `product_id`, `tag_id`) VALUES (97, 33, 10);
INSERT INTO `product_tag` (`id`, `product_id`, `tag_id`) VALUES (98, 33, 17);
INSERT INTO `product_tag` (`id`, `product_id`, `tag_id`) VALUES (99, 33, 8);
INSERT INTO `product_tag` (`id`, `product_id`, `tag_id`) VALUES (100, 34, 1);
INSERT INTO `product_tag` (`id`, `product_id`, `tag_id`) VALUES (101, 34, 8);
INSERT INTO `product_tag` (`id`, `product_id`, `tag_id`) VALUES (102, 34, 13);
INSERT INTO `product_tag` (`id`, `product_id`, `tag_id`) VALUES (103, 35, 17);
INSERT INTO `product_tag` (`id`, `product_id`, `tag_id`) VALUES (104, 35, 1);
INSERT INTO `product_tag` (`id`, `product_id`, `tag_id`) VALUES (105, 35, 13);
INSERT INTO `product_tag` (`id`, `product_id`, `tag_id`) VALUES (106, 36, 1);
INSERT INTO `product_tag` (`id`, `product_id`, `tag_id`) VALUES (107, 36, 13);
INSERT INTO `product_tag` (`id`, `product_id`, `tag_id`) VALUES (108, 36, 2);
INSERT INTO `product_tag` (`id`, `product_id`, `tag_id`) VALUES (109, 37, 17);
INSERT INTO `product_tag` (`id`, `product_id`, `tag_id`) VALUES (110, 37, 20);
INSERT INTO `product_tag` (`id`, `product_id`, `tag_id`) VALUES (111, 37, 13);
INSERT INTO `product_tag` (`id`, `product_id`, `tag_id`) VALUES (112, 38, 17);
INSERT INTO `product_tag` (`id`, `product_id`, `tag_id`) VALUES (113, 38, 1);
INSERT INTO `product_tag` (`id`, `product_id`, `tag_id`) VALUES (114, 38, 2);
INSERT INTO `product_tag` (`id`, `product_id`, `tag_id`) VALUES (115, 39, 1);
INSERT INTO `product_tag` (`id`, `product_id`, `tag_id`) VALUES (116, 39, 19);
INSERT INTO `product_tag` (`id`, `product_id`, `tag_id`) VALUES (117, 39, 2);
INSERT INTO `product_tag` (`id`, `product_id`, `tag_id`) VALUES (118, 40, 17);
INSERT INTO `product_tag` (`id`, `product_id`, `tag_id`) VALUES (119, 40, 12);
INSERT INTO `product_tag` (`id`, `product_id`, `tag_id`) VALUES (120, 40, 21);
INSERT INTO `product_tag` (`id`, `product_id`, `tag_id`) VALUES (121, 41, 13);
INSERT INTO `product_tag` (`id`, `product_id`, `tag_id`) VALUES (122, 41, 17);
INSERT INTO `product_tag` (`id`, `product_id`, `tag_id`) VALUES (123, 41, 3);
INSERT INTO `product_tag` (`id`, `product_id`, `tag_id`) VALUES (124, 42, 2);
INSERT INTO `product_tag` (`id`, `product_id`, `tag_id`) VALUES (125, 42, 22);
INSERT INTO `product_tag` (`id`, `product_id`, `tag_id`) VALUES (126, 42, 23);
INSERT INTO `product_tag` (`id`, `product_id`, `tag_id`) VALUES (127, 43, 8);
INSERT INTO `product_tag` (`id`, `product_id`, `tag_id`) VALUES (128, 43, 2);
INSERT INTO `product_tag` (`id`, `product_id`, `tag_id`) VALUES (129, 43, 24);
INSERT INTO `product_tag` (`id`, `product_id`, `tag_id`) VALUES (130, 44, 13);
INSERT INTO `product_tag` (`id`, `product_id`, `tag_id`) VALUES (131, 44, 2);
INSERT INTO `product_tag` (`id`, `product_id`, `tag_id`) VALUES (132, 44, 24);
INSERT INTO `product_tag` (`id`, `product_id`, `tag_id`) VALUES (133, 45, 2);
INSERT INTO `product_tag` (`id`, `product_id`, `tag_id`) VALUES (134, 45, 10);
INSERT INTO `product_tag` (`id`, `product_id`, `tag_id`) VALUES (135, 45, 25);
INSERT INTO `product_tag` (`id`, `product_id`, `tag_id`) VALUES (136, 46, 1);
INSERT INTO `product_tag` (`id`, `product_id`, `tag_id`) VALUES (137, 46, 8);
INSERT INTO `product_tag` (`id`, `product_id`, `tag_id`) VALUES (138, 46, 2);
INSERT INTO `product_tag` (`id`, `product_id`, `tag_id`) VALUES (139, 47, 1);
INSERT INTO `product_tag` (`id`, `product_id`, `tag_id`) VALUES (140, 47, 8);
INSERT INTO `product_tag` (`id`, `product_id`, `tag_id`) VALUES (141, 47, 2);
INSERT INTO `product_tag` (`id`, `product_id`, `tag_id`) VALUES (142, 48, 10);
INSERT INTO `product_tag` (`id`, `product_id`, `tag_id`) VALUES (143, 48, 2);
INSERT INTO `product_tag` (`id`, `product_id`, `tag_id`) VALUES (144, 48, 22);
INSERT INTO `product_tag` (`id`, `product_id`, `tag_id`) VALUES (145, 49, 1);
INSERT INTO `product_tag` (`id`, `product_id`, `tag_id`) VALUES (146, 49, 11);
INSERT INTO `product_tag` (`id`, `product_id`, `tag_id`) VALUES (147, 49, 2);
INSERT INTO `product_tag` (`id`, `product_id`, `tag_id`) VALUES (148, 50, 8);
INSERT INTO `product_tag` (`id`, `product_id`, `tag_id`) VALUES (149, 50, 13);
INSERT INTO `product_tag` (`id`, `product_id`, `tag_id`) VALUES (150, 50, 2);
INSERT INTO `product_tag` (`id`, `product_id`, `tag_id`) VALUES (154, 52, 1);
INSERT INTO `product_tag` (`id`, `product_id`, `tag_id`) VALUES (155, 52, 2);
INSERT INTO `product_tag` (`id`, `product_id`, `tag_id`) VALUES (156, 52, 3);
INSERT INTO `product_tag` (`id`, `product_id`, `tag_id`) VALUES (157, 53, 1);
INSERT INTO `product_tag` (`id`, `product_id`, `tag_id`) VALUES (158, 53, 8);
INSERT INTO `product_tag` (`id`, `product_id`, `tag_id`) VALUES (159, 53, 2);
INSERT INTO `product_tag` (`id`, `product_id`, `tag_id`) VALUES (160, 54, 8);
INSERT INTO `product_tag` (`id`, `product_id`, `tag_id`) VALUES (161, 54, 2);
INSERT INTO `product_tag` (`id`, `product_id`, `tag_id`) VALUES (162, 54, 24);
INSERT INTO `product_tag` (`id`, `product_id`, `tag_id`) VALUES (163, 55, 1);
INSERT INTO `product_tag` (`id`, `product_id`, `tag_id`) VALUES (164, 55, 2);
INSERT INTO `product_tag` (`id`, `product_id`, `tag_id`) VALUES (165, 55, 10);
INSERT INTO `product_tag` (`id`, `product_id`, `tag_id`) VALUES (166, 56, 8);
INSERT INTO `product_tag` (`id`, `product_id`, `tag_id`) VALUES (167, 56, 2);
INSERT INTO `product_tag` (`id`, `product_id`, `tag_id`) VALUES (168, 56, 10);
INSERT INTO `product_tag` (`id`, `product_id`, `tag_id`) VALUES (169, 57, 10);
INSERT INTO `product_tag` (`id`, `product_id`, `tag_id`) VALUES (170, 57, 2);
INSERT INTO `product_tag` (`id`, `product_id`, `tag_id`) VALUES (171, 57, 22);
INSERT INTO `product_tag` (`id`, `product_id`, `tag_id`) VALUES (172, 58, 1);
INSERT INTO `product_tag` (`id`, `product_id`, `tag_id`) VALUES (173, 58, 8);
INSERT INTO `product_tag` (`id`, `product_id`, `tag_id`) VALUES (174, 58, 2);
INSERT INTO `product_tag` (`id`, `product_id`, `tag_id`) VALUES (175, 59, 1);
INSERT INTO `product_tag` (`id`, `product_id`, `tag_id`) VALUES (176, 59, 2);
INSERT INTO `product_tag` (`id`, `product_id`, `tag_id`) VALUES (177, 59, 4);
INSERT INTO `product_tag` (`id`, `product_id`, `tag_id`) VALUES (178, 60, 1);
INSERT INTO `product_tag` (`id`, `product_id`, `tag_id`) VALUES (179, 60, 8);
INSERT INTO `product_tag` (`id`, `product_id`, `tag_id`) VALUES (180, 60, 2);
INSERT INTO `product_tag` (`id`, `product_id`, `tag_id`) VALUES (181, 61, 10);
INSERT INTO `product_tag` (`id`, `product_id`, `tag_id`) VALUES (182, 61, 11);
INSERT INTO `product_tag` (`id`, `product_id`, `tag_id`) VALUES (183, 61, 2);
INSERT INTO `product_tag` (`id`, `product_id`, `tag_id`) VALUES (184, 62, 13);
INSERT INTO `product_tag` (`id`, `product_id`, `tag_id`) VALUES (185, 62, 24);
INSERT INTO `product_tag` (`id`, `product_id`, `tag_id`) VALUES (186, 62, 20);
INSERT INTO `product_tag` (`id`, `product_id`, `tag_id`) VALUES (187, 63, 10);
INSERT INTO `product_tag` (`id`, `product_id`, `tag_id`) VALUES (188, 63, 24);
INSERT INTO `product_tag` (`id`, `product_id`, `tag_id`) VALUES (189, 63, 13);
INSERT INTO `product_tag` (`id`, `product_id`, `tag_id`) VALUES (190, 64, 10);
INSERT INTO `product_tag` (`id`, `product_id`, `tag_id`) VALUES (191, 64, 13);
INSERT INTO `product_tag` (`id`, `product_id`, `tag_id`) VALUES (192, 64, 11);
INSERT INTO `product_tag` (`id`, `product_id`, `tag_id`) VALUES (193, 65, 10);
INSERT INTO `product_tag` (`id`, `product_id`, `tag_id`) VALUES (194, 65, 11);
INSERT INTO `product_tag` (`id`, `product_id`, `tag_id`) VALUES (195, 65, 24);
INSERT INTO `product_tag` (`id`, `product_id`, `tag_id`) VALUES (196, 66, 10);
INSERT INTO `product_tag` (`id`, `product_id`, `tag_id`) VALUES (197, 66, 13);
INSERT INTO `product_tag` (`id`, `product_id`, `tag_id`) VALUES (198, 66, 26);
INSERT INTO `product_tag` (`id`, `product_id`, `tag_id`) VALUES (199, 67, 8);
INSERT INTO `product_tag` (`id`, `product_id`, `tag_id`) VALUES (200, 67, 2);
INSERT INTO `product_tag` (`id`, `product_id`, `tag_id`) VALUES (201, 67, 24);
INSERT INTO `product_tag` (`id`, `product_id`, `tag_id`) VALUES (202, 68, 1);
INSERT INTO `product_tag` (`id`, `product_id`, `tag_id`) VALUES (203, 68, 8);
INSERT INTO `product_tag` (`id`, `product_id`, `tag_id`) VALUES (204, 68, 13);
INSERT INTO `product_tag` (`id`, `product_id`, `tag_id`) VALUES (205, 69, 1);
INSERT INTO `product_tag` (`id`, `product_id`, `tag_id`) VALUES (206, 69, 8);
INSERT INTO `product_tag` (`id`, `product_id`, `tag_id`) VALUES (207, 69, 2);
INSERT INTO `product_tag` (`id`, `product_id`, `tag_id`) VALUES (208, 70, 1);
INSERT INTO `product_tag` (`id`, `product_id`, `tag_id`) VALUES (209, 70, 5);
INSERT INTO `product_tag` (`id`, `product_id`, `tag_id`) VALUES (210, 70, 27);
INSERT INTO `product_tag` (`id`, `product_id`, `tag_id`) VALUES (211, 71, 10);
INSERT INTO `product_tag` (`id`, `product_id`, `tag_id`) VALUES (212, 71, 13);
INSERT INTO `product_tag` (`id`, `product_id`, `tag_id`) VALUES (213, 71, 24);
INSERT INTO `product_tag` (`id`, `product_id`, `tag_id`) VALUES (214, 72, 10);
INSERT INTO `product_tag` (`id`, `product_id`, `tag_id`) VALUES (215, 72, 11);
INSERT INTO `product_tag` (`id`, `product_id`, `tag_id`) VALUES (216, 72, 24);
INSERT INTO `product_tag` (`id`, `product_id`, `tag_id`) VALUES (217, 73, 1);
INSERT INTO `product_tag` (`id`, `product_id`, `tag_id`) VALUES (218, 73, 10);
INSERT INTO `product_tag` (`id`, `product_id`, `tag_id`) VALUES (219, 73, 11);
INSERT INTO `product_tag` (`id`, `product_id`, `tag_id`) VALUES (220, 74, 1);
INSERT INTO `product_tag` (`id`, `product_id`, `tag_id`) VALUES (221, 74, 13);
INSERT INTO `product_tag` (`id`, `product_id`, `tag_id`) VALUES (222, 74, 24);
INSERT INTO `product_tag` (`id`, `product_id`, `tag_id`) VALUES (223, 75, 10);
INSERT INTO `product_tag` (`id`, `product_id`, `tag_id`) VALUES (224, 75, 13);
INSERT INTO `product_tag` (`id`, `product_id`, `tag_id`) VALUES (225, 75, 2);
INSERT INTO `product_tag` (`id`, `product_id`, `tag_id`) VALUES (226, 76, 13);
INSERT INTO `product_tag` (`id`, `product_id`, `tag_id`) VALUES (227, 76, 24);
INSERT INTO `product_tag` (`id`, `product_id`, `tag_id`) VALUES (228, 76, 28);
INSERT INTO `product_tag` (`id`, `product_id`, `tag_id`) VALUES (229, 77, 13);
INSERT INTO `product_tag` (`id`, `product_id`, `tag_id`) VALUES (230, 77, 2);
INSERT INTO `product_tag` (`id`, `product_id`, `tag_id`) VALUES (231, 77, 24);
INSERT INTO `product_tag` (`id`, `product_id`, `tag_id`) VALUES (232, 78, 10);
INSERT INTO `product_tag` (`id`, `product_id`, `tag_id`) VALUES (233, 78, 11);
INSERT INTO `product_tag` (`id`, `product_id`, `tag_id`) VALUES (234, 78, 24);
INSERT INTO `product_tag` (`id`, `product_id`, `tag_id`) VALUES (235, 79, 1);
INSERT INTO `product_tag` (`id`, `product_id`, `tag_id`) VALUES (236, 79, 8);
INSERT INTO `product_tag` (`id`, `product_id`, `tag_id`) VALUES (237, 79, 13);
INSERT INTO `product_tag` (`id`, `product_id`, `tag_id`) VALUES (238, 80, 10);
INSERT INTO `product_tag` (`id`, `product_id`, `tag_id`) VALUES (239, 80, 24);
INSERT INTO `product_tag` (`id`, `product_id`, `tag_id`) VALUES (240, 80, 12);
INSERT INTO `product_tag` (`id`, `product_id`, `tag_id`) VALUES (241, 81, 10);
INSERT INTO `product_tag` (`id`, `product_id`, `tag_id`) VALUES (242, 81, 2);
INSERT INTO `product_tag` (`id`, `product_id`, `tag_id`) VALUES (243, 81, 24);
INSERT INTO `product_tag` (`id`, `product_id`, `tag_id`) VALUES (244, 82, 1);
INSERT INTO `product_tag` (`id`, `product_id`, `tag_id`) VALUES (245, 82, 8);
INSERT INTO `product_tag` (`id`, `product_id`, `tag_id`) VALUES (246, 82, 10);
INSERT INTO `product_tag` (`id`, `product_id`, `tag_id`) VALUES (247, 83, 10);
INSERT INTO `product_tag` (`id`, `product_id`, `tag_id`) VALUES (248, 83, 2);
INSERT INTO `product_tag` (`id`, `product_id`, `tag_id`) VALUES (249, 83, 11);
INSERT INTO `product_tag` (`id`, `product_id`, `tag_id`) VALUES (250, 84, 1);
INSERT INTO `product_tag` (`id`, `product_id`, `tag_id`) VALUES (251, 84, 10);
INSERT INTO `product_tag` (`id`, `product_id`, `tag_id`) VALUES (252, 84, 11);
INSERT INTO `product_tag` (`id`, `product_id`, `tag_id`) VALUES (253, 85, 10);
INSERT INTO `product_tag` (`id`, `product_id`, `tag_id`) VALUES (254, 85, 11);
INSERT INTO `product_tag` (`id`, `product_id`, `tag_id`) VALUES (255, 85, 24);
INSERT INTO `product_tag` (`id`, `product_id`, `tag_id`) VALUES (256, 86, 10);
INSERT INTO `product_tag` (`id`, `product_id`, `tag_id`) VALUES (257, 86, 24);
INSERT INTO `product_tag` (`id`, `product_id`, `tag_id`) VALUES (258, 86, 24);
INSERT INTO `product_tag` (`id`, `product_id`, `tag_id`) VALUES (259, 87, 13);
INSERT INTO `product_tag` (`id`, `product_id`, `tag_id`) VALUES (260, 87, 11);
INSERT INTO `product_tag` (`id`, `product_id`, `tag_id`) VALUES (261, 87, 2);
INSERT INTO `product_tag` (`id`, `product_id`, `tag_id`) VALUES (262, 88, 11);
INSERT INTO `product_tag` (`id`, `product_id`, `tag_id`) VALUES (263, 88, 4);
INSERT INTO `product_tag` (`id`, `product_id`, `tag_id`) VALUES (264, 88, 24);
INSERT INTO `product_tag` (`id`, `product_id`, `tag_id`) VALUES (265, 89, 29);
INSERT INTO `product_tag` (`id`, `product_id`, `tag_id`) VALUES (266, 89, 24);
INSERT INTO `product_tag` (`id`, `product_id`, `tag_id`) VALUES (267, 89, 11);
INSERT INTO `product_tag` (`id`, `product_id`, `tag_id`) VALUES (268, 90, 29);
INSERT INTO `product_tag` (`id`, `product_id`, `tag_id`) VALUES (269, 90, 24);
INSERT INTO `product_tag` (`id`, `product_id`, `tag_id`) VALUES (270, 90, 11);
INSERT INTO `product_tag` (`id`, `product_id`, `tag_id`) VALUES (271, 91, 10);
INSERT INTO `product_tag` (`id`, `product_id`, `tag_id`) VALUES (272, 91, 11);
INSERT INTO `product_tag` (`id`, `product_id`, `tag_id`) VALUES (273, 91, 2);
INSERT INTO `product_tag` (`id`, `product_id`, `tag_id`) VALUES (274, 92, 10);
INSERT INTO `product_tag` (`id`, `product_id`, `tag_id`) VALUES (275, 92, 11);
INSERT INTO `product_tag` (`id`, `product_id`, `tag_id`) VALUES (276, 92, 2);
INSERT INTO `product_tag` (`id`, `product_id`, `tag_id`) VALUES (277, 93, 1);
INSERT INTO `product_tag` (`id`, `product_id`, `tag_id`) VALUES (278, 93, 8);
INSERT INTO `product_tag` (`id`, `product_id`, `tag_id`) VALUES (279, 93, 2);
INSERT INTO `product_tag` (`id`, `product_id`, `tag_id`) VALUES (280, 94, 1);
INSERT INTO `product_tag` (`id`, `product_id`, `tag_id`) VALUES (281, 94, 10);
INSERT INTO `product_tag` (`id`, `product_id`, `tag_id`) VALUES (282, 94, 11);
INSERT INTO `product_tag` (`id`, `product_id`, `tag_id`) VALUES (283, 95, 30);
INSERT INTO `product_tag` (`id`, `product_id`, `tag_id`) VALUES (284, 95, 31);
INSERT INTO `product_tag` (`id`, `product_id`, `tag_id`) VALUES (285, 95, 24);
INSERT INTO `product_tag` (`id`, `product_id`, `tag_id`) VALUES (286, 96, 29);
INSERT INTO `product_tag` (`id`, `product_id`, `tag_id`) VALUES (287, 96, 24);
INSERT INTO `product_tag` (`id`, `product_id`, `tag_id`) VALUES (288, 96, 13);
INSERT INTO `product_tag` (`id`, `product_id`, `tag_id`) VALUES (289, 97, 10);
INSERT INTO `product_tag` (`id`, `product_id`, `tag_id`) VALUES (290, 97, 11);
INSERT INTO `product_tag` (`id`, `product_id`, `tag_id`) VALUES (291, 97, 13);
INSERT INTO `product_tag` (`id`, `product_id`, `tag_id`) VALUES (292, 98, 10);
INSERT INTO `product_tag` (`id`, `product_id`, `tag_id`) VALUES (293, 98, 11);
INSERT INTO `product_tag` (`id`, `product_id`, `tag_id`) VALUES (294, 98, 13);
INSERT INTO `product_tag` (`id`, `product_id`, `tag_id`) VALUES (295, 99, 10);
INSERT INTO `product_tag` (`id`, `product_id`, `tag_id`) VALUES (296, 99, 24);
INSERT INTO `product_tag` (`id`, `product_id`, `tag_id`) VALUES (297, 99, 4);
INSERT INTO `product_tag` (`id`, `product_id`, `tag_id`) VALUES (298, 100, 1);
INSERT INTO `product_tag` (`id`, `product_id`, `tag_id`) VALUES (299, 100, 4);
INSERT INTO `product_tag` (`id`, `product_id`, `tag_id`) VALUES (300, 100, 24);
INSERT INTO `product_tag` (`id`, `product_id`, `tag_id`) VALUES (301, 101, 29);
INSERT INTO `product_tag` (`id`, `product_id`, `tag_id`) VALUES (302, 101, 24);
INSERT INTO `product_tag` (`id`, `product_id`, `tag_id`) VALUES (303, 101, 4);
INSERT INTO `product_tag` (`id`, `product_id`, `tag_id`) VALUES (304, 102, 8);
INSERT INTO `product_tag` (`id`, `product_id`, `tag_id`) VALUES (305, 102, 10);
INSERT INTO `product_tag` (`id`, `product_id`, `tag_id`) VALUES (306, 102, 2);
INSERT INTO `product_tag` (`id`, `product_id`, `tag_id`) VALUES (307, 103, 10);
INSERT INTO `product_tag` (`id`, `product_id`, `tag_id`) VALUES (308, 103, 29);
INSERT INTO `product_tag` (`id`, `product_id`, `tag_id`) VALUES (309, 103, 24);
INSERT INTO `product_tag` (`id`, `product_id`, `tag_id`) VALUES (310, 104, 1);
INSERT INTO `product_tag` (`id`, `product_id`, `tag_id`) VALUES (311, 104, 8);
INSERT INTO `product_tag` (`id`, `product_id`, `tag_id`) VALUES (312, 104, 2);
INSERT INTO `product_tag` (`id`, `product_id`, `tag_id`) VALUES (313, 105, 10);
INSERT INTO `product_tag` (`id`, `product_id`, `tag_id`) VALUES (314, 105, 11);
INSERT INTO `product_tag` (`id`, `product_id`, `tag_id`) VALUES (315, 105, 24);
INSERT INTO `product_tag` (`id`, `product_id`, `tag_id`) VALUES (316, 106, 32);
INSERT INTO `product_tag` (`id`, `product_id`, `tag_id`) VALUES (317, 106, 8);
INSERT INTO `product_tag` (`id`, `product_id`, `tag_id`) VALUES (318, 106, 4);
INSERT INTO `product_tag` (`id`, `product_id`, `tag_id`) VALUES (319, 107, 1);
INSERT INTO `product_tag` (`id`, `product_id`, `tag_id`) VALUES (320, 107, 10);
INSERT INTO `product_tag` (`id`, `product_id`, `tag_id`) VALUES (321, 107, 11);
INSERT INTO `product_tag` (`id`, `product_id`, `tag_id`) VALUES (322, 108, 10);
INSERT INTO `product_tag` (`id`, `product_id`, `tag_id`) VALUES (323, 108, 11);
INSERT INTO `product_tag` (`id`, `product_id`, `tag_id`) VALUES (324, 108, 24);
INSERT INTO `product_tag` (`id`, `product_id`, `tag_id`) VALUES (325, 109, 10);
INSERT INTO `product_tag` (`id`, `product_id`, `tag_id`) VALUES (326, 109, 8);
INSERT INTO `product_tag` (`id`, `product_id`, `tag_id`) VALUES (327, 109, 11);
INSERT INTO `product_tag` (`id`, `product_id`, `tag_id`) VALUES (328, 110, 10);
INSERT INTO `product_tag` (`id`, `product_id`, `tag_id`) VALUES (329, 110, 28);
INSERT INTO `product_tag` (`id`, `product_id`, `tag_id`) VALUES (330, 110, 11);
INSERT INTO `product_tag` (`id`, `product_id`, `tag_id`) VALUES (331, 111, 29);
INSERT INTO `product_tag` (`id`, `product_id`, `tag_id`) VALUES (332, 111, 24);
INSERT INTO `product_tag` (`id`, `product_id`, `tag_id`) VALUES (333, 111, 11);
INSERT INTO `product_tag` (`id`, `product_id`, `tag_id`) VALUES (334, 112, 10);
INSERT INTO `product_tag` (`id`, `product_id`, `tag_id`) VALUES (335, 112, 11);
INSERT INTO `product_tag` (`id`, `product_id`, `tag_id`) VALUES (336, 112, 2);
INSERT INTO `product_tag` (`id`, `product_id`, `tag_id`) VALUES (337, 113, 11);
INSERT INTO `product_tag` (`id`, `product_id`, `tag_id`) VALUES (338, 113, 2);
INSERT INTO `product_tag` (`id`, `product_id`, `tag_id`) VALUES (339, 113, 10);
